改善 非常 ,0
不敢 不用 副理 受过 培训 投诉 接待 极其 没完 没有 竟然 辩解 ,0
一觉 不错 关掉 发现 并洗 打开 打扫 方便 服务 比较 没有 管理 象是 ,0
不好 不能 原来 可怜 导致 打开 打折 拿到 没有 特贵 租出去 等到 简陋 综合 还有 采光 ,0
不好 不能 原来 可怜 导致 打开 打折 拿到 没有 特贵 租出去 等到 简陋 综合 还有 采光 ,0
入住 出差 可到 据说 要死 ,0
不会 不好 不能 反正 取消 变化 变更 就是 已经 必须 感谢 扣钱 承认 投诉 收到 根本 没去 没有 特别 理解 真的 答复 觉得 超市 选择 通知 遗憾 ,0
就是 找到 没有 绝对 ,0
不住 不够 免费 再也 副理 升级 反映 只能 告诉 坚决 就是 开会 故意 没有 直接 赶走 预定 ,0
严重 作为 居然 无烟 没有 登记 ,0
一般 上网 不会 不爽 作出 便宜 做出 入住 公布 准备 反馈 召开 处理 处罚 对此 届时 应该 很脏 提出 改为 明显 有损 极度 满足 特意 登入 相关 确实 调查 较脏 需求 非常 ,0
不好 不通 远离 ,0
不好 低于 入住 只能 嘈杂 应该 看到 算是 非常 ,0
下新 不错 也许 低廉 便利 入住 其实 发现 只能 同样 呵呵 喜欢 好好 学习 就是 希望 应该 恶劣 想着 提醒 搬去 改善 昏暗 更优越 有的 极其 正是 清楚 溜达 点评 看房 看门 竟然 简约 舒服 设计 赶紧 超值 超市 进去 连锁 退房 选择 顿时 预计 ,0
入住 强烈 推荐 有误 给出 ,0
不会 只能 就是 很差 比较 永远 没有 相距 看见 真是 退房 选择 ,0
位置 实在 很贵 配备 ,0
下不去 不住 容下 居然 很小 很脏 最差 服务 没有 没门 漫出 通道 ,0
失望 怀疑 ,0
听见 干净 很痒 惊醒 敲门 无比 最差 设备 转身 非常 ,0
下不去 不住 容下 居然 很小 很脏 最差 服务 没有 没门 漫出 通道 ,0
失望 怀疑 ,0
听见 干净 很痒 惊醒 敲门 无比 最差 设备 转身 非常 ,0
嘈杂 非常 ,0
修好 堵塞 折腾 没有 装修 ,0
嘈杂 非常 ,0
点评 相符 舒服 补充 ,0
不到 保准 入住 可怜 根本 没有 消毒 消退 知道 绝对 骚痒 ,0
不在 不敢 不着 保证 到处 勉强 只能 合作 名曰 当然 打到 打车 极其 正好 没有 看准 要不 赶上 进入 首先 ,0
原来 可能 宣传 很大 没有 ,0
不了 不会 不能 不错 交谈 保持 保证 先进 入住 再次 加强 反馈 发晕 发生 发霉 备用 存在 实在 居然 巡视 干燥 应该 很大 得去 忍住 感受 打死 掉落 改进 最大 最烂 没有 深表歉意 清爽 热烈 独立 结完 绝对 觉得 评上 足够 过道 还有 进门 选择 随便 震响 震惊 预留 首先 ,0
不敢 入住 很快 找钱 晕倒 服务 能到 还给 连声 送完 送餐 ,0
入住 成功 服务 真是 舒服 非常 预定 ,0
不行 ,0
有够 没有 真的 ,0
一般 不好 估计 倒底 关不掉 反掉 大概 干净 服务 极其 知道 ,0
允许 免费 好吃 实在 实惠 就是 就餐 最大 比较 重视 ,0
有够 没有 真的 ,0
允许 免费 好吃 实在 实惠 就是 就餐 最大 比较 重视 ,0
一早 下班 下雪 不剩 不好 不肯 不能 休息 传真 停电 傲慢 入住 出租 到达 协调 反应 受罪 可能 回应 奇怪 就是 已经 感冒 打扫 抬头 收拾 服务 没有 洗澡 点评 登记 看看 真的 知道 简直 管理 补充 询问 说明 起来 进入 锁起来 非常 预定 ,0
上放 凹陷 发现 吸烟 处有 无烟 服务 没错 绝对 预定 ,0
一般 不到 不算 位于 便宜 做为 停车 入住 卫生 只能 对待 服务 比较 特殊 睡得 竟然 维修 耽误 设备 退房 选择 ,0
一般 临近 交费 可能 合作 吵闹 服务 还好 长期 ,0
不好 不靠 保留 影响 提前 整晚 睡眠 预订 ,0
上加 上卖 不会 之多 事先 加以 原来 反应 发现 取电 可能 吃不完 就是 干净 很脏 方便 显得 根本 注意 知道 竟然 自动 要求 说明 进门 送到 靠背 ,0
一般 不到 不算 位于 便宜 做为 停车 入住 卫生 只能 对待 服务 比较 特殊 睡得 竟然 维修 耽误 设备 退房 选择 ,0
一定 不该 交涉 先是 入住 再也 出来 取消 大概 得去 恶劣 成功 扣款 授权 收到 最最 没有 直接 真的 真真是 自动 记得 适合 适宜 重新 ,0
一般 临近 交费 可能 合作 吵闹 服务 还好 长期 ,0
不好 不靠 保留 影响 提前 整晚 睡眠 预订 ,0
上加 上卖 不会 之多 事先 加以 原来 反应 发现 取电 可能 吃不完 就是 干净 很脏 方便 显得 根本 注意 知道 竟然 自动 要求 说明 进门 送到 靠背 ,0
不好 不足 個人 嚴重 就是 很暗 很爛 態度 房間 掛上 服務 標準 沒有 沒看 滲水 燈光 牆壁 登記 直說 知道 竟然 給換 覺得 還有 非常 首先 ,0
不好 不足 個人 嚴重 就是 很暗 很爛 態度 房間 掛上 服務 標準 沒有 沒看 滲水 燈光 牆壁 登記 直說 知道 竟然 給換 覺得 還有 非常 首先 ,0
包括 晕死 最烂 超出 超过 ,0
不了 不会 摆设 ,0
不少 减分 居然 有趣 睡觉 还好 进来 ,0
不会 不能 不行 修理 就算 居然 应该 当成 很小 明显 没有 狂晕 直接 考虑 要求 认识 预售 ,0
不会 不能 不行 修理 就算 居然 应该 当成 很小 明显 没有 狂晕 直接 考虑 要求 认识 预售 ,0
一直 一边 不明 不理 入住 到达 制服 发霉 大约 就是 当班 手续 服务 没有 确认 稍候 穿着 说订 难吃 首先 ,0
不会 不好 不问 免费 入住 吵得 应该 很小 排放 施工 最好 最差 直接 至少 装修 要命 非常 ,0
不畅 入住 排水 ,0
不停 位置 入住 出门 始终 完全 度假 很旧 推荐 整晚 服务 盘旋 看见 蹩脚 ,0
可能 方便 最差 服务 点评 补充 较远 ,0
上网 不理 不错 似乎 入住 恶劣 投诉 要求 ,0
一般 侮辱 出来 吓人 就是 提醒 搬出来 是否 服务 睡到 知道 给钱 舍得 要续 询问 ,0
不好 不少 不足 不错 出来 可见 失望 实际上 寄存 很大 正规 比较 没有 相差 看到 知道 管理 评上 象是 ,0
不会 不知 不符 打热 拒绝 服务 根本 要求 遭到 ,0
吵闹 安稳 就是 居然 投诉 服务 查看 没有 满意 特别 痛苦 相信 真的 知道 竟然 简直 要求 跑到 需要 非常 ,0
一定 一直 丰盛 倒是 像样 其实 出门 只能 吓人 在外 就是 已经 换到 放进 暴露 最烂 相对 看到 真得是 稍微 简装 终于 绝对 自助 装修 设备 设试 走道 还有 预定 预算 ,0
不够 从来 安排 实在 尤其 接待 显得 正面 没有 ,0
一凉 上放 下水 不到 不好 不好用 不爽 仓促 修理 出口 出来 到达 卫生 反正 发现 只好 听不懂 奇妙 好像 安分 尤其 已经 干净 当然 很慢 惊吓 提出 是从 更新 服务 期待 查看 正常 比较 没有 看到 看起来 睡觉 绕道 绝对 自觉 转到 连点 需要 饱受 ,0
一定 一直 不会 不好 不满 不知 不能 不行 不远 仓促 使用 免费 写明 出来 出门 加钱 厚实 只好 只能 可就 吵到 告知 喜欢 坐在 坦荡 塞住 就是 已经 应该 开始 弄坏 想想 想着 打扮 执意 挑选 掉下来 控制 撬出来 放上去 方便 查看 比较 没有 洗澡 看到 看重 真的 睡眠 穿梭 等于 算是 维修 肯给 表扬 要住 要求 谁知 走走 还有 选择 逛得 长久 ,0
一边 不了 不会 不错 出来 吃饭 同样 坚持 实在 就别 就是 干开 很快 得多 方便 早就 比较 没有 看得出来 看起来 真是 磨损 竟然 致电 躺下 非常 ,0
不好 不好用 嘈杂 很小 挂断 查询 洗漱 直到 等待 算了 ,0
好处 没有 破烂 ,0
一般 入住 发现 就是 服务 校办 ,0
严厉 出差 分为 分布 分开 尽快 希望 应该 愉快 投诉 损害 无关 没有 进行 遇到 重要 雄伟 ,0
不能 位置 入住 嘈杂 心急 服务 注明 稍微 装修 适合 ,0
一定 不能 伪满 好像 属于 恶劣 曲折 服务 苛求 要住 还有 阴暗 ,0
上网 不了 不可以 回答 必须 死活 没有 ,0
不好 入住 只能 睡觉 装修 豪华 起来 非常 ,0
不会 就要 据说 显得 翻修 跟着 ,0
一般 居然 服务 ,0
入住 太慢 收拾 服务 ,0
出错 居然 屡屡 服务 核对 认识 预留 ,0
一直 不会 不可能 不好 不成 依然 再次 反感 只好 可能 失望 对不住 开门 很贵 憧憬 折腾 抽烟 改进 放在 曾经 服务 没人 的确 睡着 睡觉 确实 美好 觉得 走不开 进房 难受 难道 非常 ,0
下榻 不好 享受到 休息 光临 入住 再次 创造 反馈 吵得 安装 尊敬 居住 工作 已经 广大 开始 忠肯 怀疑 恳请 感受到 打扰 抱歉 接洽 提出 改造 施工 更加 服务 未能 欲裂 深切 热诚 相信 睡不着 舒适 表示 表示歉意 装修 要求 进行 遵守 非常 顺利 ,0
上网 不会 免费 入住 反馈 增值 对此 尊敬 已经 带来 很大 改造 服务 欢迎 比较 深表歉意 秉承 竭诚 至上 装修 调整 赠送 进行 选择 ,0
一般 入住 告诉 服务 比如 比较 装修 认为 ,0
不好 出来 吃饭 就要 撤餐 没有 简直 ,0
不能 入住 几乎 危险 厉害 尽快 换掉 比较 真的 还有 进行 ,0
工作 已经 开门 敲门 看着 真是 进来 ,0
到处 很小 觉得 象是 ,0
不会 不停 不算 卫生 太慢 干净 比较 简陋 ,0
一般 不能 入住 几乎 发现 奇怪 尤其 搬到 是否 曾经 服务 比如 没有 疯狂 看到 真的 知道 确切 立刻 较差 需要 非常 ,0
不会 不停 不算 卫生 太慢 干净 比较 简陋 ,0
一般 不能 入住 几乎 发现 奇怪 尤其 搬到 是否 曾经 服务 比如 没有 疯狂 看到 真的 知道 确切 立刻 较差 需要 非常 ,0
一般 不到 不快 便宜 其实 告知 好了 开成 开错 新开 没错 送来 ,0
充电 勉强 就是 巨大 应用 挂牌 搞笑 根本 没有 竟然 装修 需要 顶多 ,0
最差 根本 没法 睡觉 ,0
不用 不知 不良 付钱 入住 好处 实在 就是 授权 方便 服务 比较 没有 知道 退房 选择 逛街 预订 ,0
上网 不会 不能 举动 使用 做出 关不上 关闭 发现 发霉 就是 居然 急于 打开 控制台 欠佳 正常 留下 留有 相信 绝对 维护 贸然 走进 还有 遇到 预定 ,0
发霉 实在 就是 开始 拉倒 服务 没有 睡着 简直 ,0
不会 休息 做法 入住 再次 影响 答复 紧靠 要求 调换 采取 隐瞒 非常 ,0
不住 再有 只能 放进 真的 绝对 被卧 非常 首先 ,0
一次性 不能 供应 入住 单独 参考 反映 反馈 安全 就是 希望 改进 服务 满意 点评 真正 竟然 补充 觉得 计入 说明 进步 退房 ,0
入住 已经 服务 越来越 ,0
不做 入住 冲凉 准备 包括 发生 合理 失望 实在 希望 平安 拔掉 摔倒 摔没 更是 沟通 没有 注意 诚意 赔偿 道歉 重要 ,0
下不去 很大 感到 根本 满意 ,0
无比 点评 补充 ,0
一般 介绍 像是 干净 很小 改建 救生 方便 根本 没有 甚远 相差 看起来 通道 ,0
不好 服务 真的 知道 评上 ,0
出水 很小 成旧 方便 比较 洗澡 装修 ,0
入住 冷淡 反馈 希望 必然 挑衅 提出 整改 方便 服务 比较 满意 现已 觉得 认真 记得 起来 ,0
好像 安排 应该 没有 装修 说明 豪华 购买 需要 ,0
入睡 快捷 根本 潮湿 符合 认为 ,0
不错 休息 入住 反馈 各异 喜欢 安排 实在 就是 希望 很大 感受 报歉 正面 没有 没睡 邻近 采光 需求 首先 ,0
不会 不到 不同 估计 入住 关不上 反馈 挂牌 根本 欢迎 正式 用完 装修 设备 选择 逐步 ,0
俯首 居然 抬头 最大 解释 ,0
不到 不错 严重 宽敞 就是 帮忙 开始 投诉 根本 比较 没有 洗浴 看到 被骗 见到 连门 鄙视 高速 ,0
上当 听到 居然 明显 特别 稍微 ,0
一经 事先 交费 侥幸 借鉴 切不可 发表 唯独 奉劝 感想 搞笑 来收 模仿 没有 特大 犯晕 的直 要命 要钱 说明 ,0
不理 付钱 催促 免费 入住 办成 升级 发现 发生 变成 居然 据说 服务 没有 清洁 满意 漂白 退房 造成 预定 ,0
不理 付钱 催促 免费 入住 办成 升级 发现 发生 变成 居然 据说 服务 没有 清洁 满意 漂白 退房 造成 预定 ,0
享受 凑合 失望 好像 就是 方便 正常 毫无 没有 超市 连接 隔开 ,0
下水 不会 不好 不敢 休息 免费 出去 出差 吃饭 吵得 回来 安排 开始 开脱 很早 很脏 恼火 打不开 服务 没有 真的 知道 碰到 简陋 经常 考虑 装修 解释 豪华 还有 进不了 退房 预订 ,0
不好 搔扰 ,0
不符 漂亮 破烂 ,0
不住 就是 很贵 担保 改变 没有 看到 ,0
服务 设备 ,0
不会 不到 不想 不计 估计 何在 倒是 入住 决定 加上 勉强 发现 只能 好不 就是 就让 居然 希望 开始 归类 想下 想不出 搞不好 教育 方便 服务 根本 正常 烹饪 略过 看到 知道 硬是 算是 管理 老是 表示歉意 装作 觉得 设备 赶走 适用 道歉 ,0
不会 不到 不想 不计 估计 何在 倒是 入住 决定 加上 勉强 发现 只能 好不 就是 就让 居然 希望 开始 归类 想下 想不出 搞不好 教育 方便 服务 根本 正常 烹饪 略过 看到 知道 硬是 算是 管理 老是 表示歉意 装作 觉得 设备 赶走 适用 道歉 ,0
不想 便利 值得 应该 很旧 没有 留恋 简单 ,0
一般 不好 值钱 帮忙 幸好 拆开 拿走 擅自 查房 直接 真是 知道 翻看 需要 ,0
到底 只给 告知 开始 提供 没有 知道 能够 要求 预定 ,0
不想 便利 值得 应该 很旧 没有 留恋 简单 ,0
一般 不好 值钱 帮忙 幸好 拆开 拿走 擅自 查房 直接 真是 知道 翻看 需要 ,0
只能 完事 ,0
勉强 大早 很大 要命 赶紧 ,0
不好意思 不能 估计 光临 加强 即将 反映 反馈 发生 可惜 尽可能 建设 当班 很大 惊讶 感到 抱歉 拿走 掌握 收拾 显灵 期待 清楚 相应 看到 真的 硬是 确认 离开 突然 竣工 装修 记得 调查 起来 难道 非常 ,0
不好意思 不能 估计 光临 加强 即将 反映 反馈 发生 可惜 尽可能 建设 当班 很大 惊讶 感到 抱歉 拿走 掌握 收拾 显灵 期待 清楚 相应 看到 真的 硬是 确认 离开 突然 竣工 装修 记得 调查 起来 难道 非常 ,0
修葺 加以 加强 应该 有的 服务 比较 没有 翻新 配套 ,0
不能 发现 洗不掉 竟然 ,0
不做 不好 不来 不能 付钱 值班 入住 告知 回答 处理 得知 感到 愿意 授权 接待 提前 提高 服务 用于 登记 着急 竟然 签字 简直 自然 至少 行为 觉得 解冻 解释 询问 诧异 质疑 通知 需要 ,0
不能 入住 尤其 接待 服务 欢迎 没有 真的 较差 ,0
不会 不到 不能 便宜 删除 实在 打算 至少 ,0
下车 不吃 不在 不好 不理 不能 不让 付款 休息 入住 吃上 吃饭 告诉 奉劝 就是 希望 帮忙 干净 往返 想到 感受 愿意 拖到 推荐 旅游 正常 没有 直接 相信 知道 粗糙 耽误 蛮横 解决 豪华 转头 进去 退票 高快 高速 ,0
一定 一般 上网 不好 不小 不能 也别 争取 住下 催促 允许 出去 出门 原先 只好 可惜 可笑 号称 吃饱 坚决 大约 奖励 导致 就是 帮忙 开门 彻底 打印 承诺 投诉 按下 损坏 提供 提前 提议 摔上 方便 是否 极度 消费 用来 看看 离开 竟然 签约 给开 绝对 罚多 考虑 背着 自助 荒凉 表示 裂开 要求 详单 赔付 赔偿 还有 遍地 随口 随手 马上 ,0
严重 尤其 影响 无奈 洗完 糟糕 设计 退房 非常 ,0
一般 不到 不错 已经 来讲 比较 没有 登封 竟然 简陋 超市 还有 阴暗 ,0
一般 不到 不错 已经 来讲 比较 没有 登封 竟然 简陋 超市 还有 阴暗 ,0
免费 才能 打开 放在 看电视 设备 ,0
一定 ,0
不能 前评 取消 可能 居然 恐怖 打扫 没有 疑似 ,0
丰富 只能 ,0
不低 对得起 挂牌 现代化 窄小 简陋 还有 ,0
不好 了认 例假 倒霉 入住 合理 实在 居然 希望 弄污 很小 打给 接受 沟通 给钱 罢休 表示 说法 赔不起 赔偿 降到 难以 预订 ,0
不好 了认 例假 倒霉 入住 合理 实在 居然 希望 弄污 很小 打给 接受 沟通 给钱 罢休 表示 说法 赔不起 赔偿 降到 难以 预订 ,0
也许 休息 便宜 嘈杂 很小 早就 显得 最差 服务 根本 没有 没法 结束 设计 ,0
上有 不了 不会 不好用 位置 反正 发展 可言 失望 好好 很脏 打扫 换到 来讲 没有 没问 甚至 ,0
竞争 绝望 缺少 较烂 选择 ,0
估计 好处 就是 服务 没有 相当 评估 越来越 还长 重新 ,0
竞争 绝望 缺少 较烂 选择 ,0
告知 预先 ,0
估计 好处 就是 服务 没有 相当 评估 越来越 还长 重新 ,0
一定 不盡 不能 丟失 他們 作為 你們 入住 出水 出現 副理 加在 北齊 協調 參加 只能 可能 品種 問題 啞巴 因為 好像 宴會 實在 就是 廣場 很高 快捷 態度 慎重 房價 房門 房間 才能 打電話 推卸 推薦 損失 擔憂 放在 放著 時候 時間 有的 服務 本著 查房 根本 檢查 氣憤 沒有 洗手 洗漱 清楚 減少 無從 用過 當時 真的 結果 繁多 考察 考證 聲稱 莫須 處理 蠻快 要用 解決 記得 責任 賠償 辦理 退房 這樣 造成 選擇 還是 銹住 電話 非常 預定 黃連 ,0
一定 不盡 不能 丟失 他們 作為 你們 入住 出水 出現 副理 加在 北齊 協調 參加 只能 可能 品種 問題 啞巴 因為 好像 宴會 實在 就是 廣場 很高 快捷 態度 慎重 房價 房門 房間 才能 打電話 推卸 推薦 損失 擔憂 放在 放著 時候 時間 有的 服務 本著 查房 根本 檢查 氣憤 沒有 洗手 洗漱 清楚 減少 無從 用過 當時 真的 結果 繁多 考察 考證 聲稱 莫須 處理 蠻快 要用 解決 記得 責任 賠償 辦理 退房 這樣 造成 選擇 還是 銹住 電話 非常 預定 黃連 ,0
设备 ,0
一般 不会 客满 居然 超大 送餐 ,0
设备 ,0
一般 不会 客满 居然 超大 送餐 ,0
一块块 一定 不够 不规则 亲切 光临 入住 全新 其实 再次 加强 卫生 反应 反映 反馈 合理 尊敬 尴尬 居然 工作 希望 很快 手续 抱怨 抱枕 抱歉 提出 改善 明显 服务 来换 没有 洗涤 深表歉意 清洁 留下 疑似 相关 看到 积极 被单 要求 觉得 调配 足足 迎接 选择 遇到 附赠 ,0
一块块 一定 不够 不规则 亲切 光临 入住 全新 其实 再次 加强 卫生 反应 反映 反馈 合理 尊敬 尴尬 居然 工作 希望 很快 手续 抱怨 抱枕 抱歉 提出 改善 明显 服务 来换 没有 洗涤 深表歉意 清洁 留下 疑似 相关 看到 积极 被单 要求 觉得 调配 足足 迎接 选择 遇到 附赠 ,0
一般 不会 不可能 不敢 不错 前住 可能 干净 开始 放心 没换 没洗 消毒 深刻 满意 相信 看起来 肯定 赶快 还好 非常好 ,0
位置 完全 就是 或许 服务 相当 紧邻 ,0
入住 其实 很小 点评 看起来 补充 豪华 ,0
一般 不会 不可能 不敢 不错 前住 可能 干净 开始 放心 没换 没洗 消毒 深刻 满意 相信 看起来 肯定 赶快 还好 非常好 ,0
入住 其实 很小 点评 看起来 补充 豪华 ,0
一定 一般 不会 不好 了不起 到处 北京人 发现 受气 可能 吃饭 想用 掏腰包 提醒 欺负 沟通 满分 知道 设计 还好 还有 郁闷 陪同 ,0
一般 可能 比较 看起来 ,0
一般 不少 包括 希望 强烈 很大 挂牌 是否 有霉 比较 没住 看到 算来 ,0
不可 不堪 不能 久远 介绍 仍然 入住 可住 完全 居然 希望 弥漫 极其 破败 简直 管理 糟糕 维护 腐霉 零乱 非常 ,0
不去 比较 装修 ,0
不会 了解 入住 出去 原处 原来 吹风 回到 大概 好处 委婉 安排 就是 拒绝 搞不定 操作 放弃 放归 比较 洗澡 满意 用完 相去 看房 看见 知道 装修 询问 请求 赶着 还有 进去 退房 选择 通知 长途 顺便 预定 ,0
招呼 相当 看见 舒服 遇到 ,0
不到 勉强 就是 ,0
刷牙 套紧 有的 没吐 没有 清洁 生锈 看到 睡觉 露出 ,0
下起 下雨 不断 仔细 出门 原来 去求 取电 吃饭 吓了一跳 听到 告知 喷出来 大一 安排 就算 就要 已经 干脆 开灯 开门 当然 得了 恳求 愿意 打开 持续 断裂 没用 洗完 洗澡 炒饭 直接 离开 突然 竟然 简单 终于 胶布 要求 起来 进门 退房 难吃 非常 ,0
不能 不错 便宜 值班 入住 出钱 发现 坚持 处理 好了 居然 工作 抱怨 提高 搬动 方便 最好 服务 真是 睡觉 知道 通知 ,0
好处 就是 没有 看出 ,0
看到 睡觉 非常 ,0
便宜 直接 ,0
不错 没有 知道 还有 ,0
不住 再也 发誓 郁闷 ,0
一般 不能 便是 入住 升级 启动 提供 摆设 改进 更换 服务 期待 正常 没有 破损 能够 豪华 ,0
佩服 厉害 变成 告诉 接到 搞笑 没有 睡觉 还有 骚扰 ,0
不好 好像 干脆 开封 按摩 没有 能算 设备 起来 骚扰 ,0
不好 好像 干脆 开封 按摩 没有 能算 设备 起来 骚扰 ,0
不算 便宜 发现 就是 已经 很小 方便 点评 知道 考虑 补充 要住 觉得 路过 还有 连锁 遗憾 ,0
不少 严重 交涉 仍旧 付款 借鉴 入住 再也 出行 分别 到达 原定 发现 受权 只得 可住 可言 吸取 坚决 失望 希望 抱歉 担保 拿到 换成 描述 提供 教训 毕竟 没有 简单 简直 莫名 要求 要签 解释 超定 险些 非常 ,0
不会 很小 ,0
不会 ,0
不少 亲耳 从来 免得 入住 副理 同意 否定 告诉 处处 奉劝 居然 并刷 引来 得到 懒得 投诉 抬头 拒绝 提出 更多 没有 特意 等到 签订 能否 自动 行不行 见到 解释 详细 请示 赶时间 退房 选择 锁定 问住 ,0
不少 亲耳 从来 免得 入住 副理 同意 否定 告诉 处处 奉劝 居然 并刷 引来 得到 懒得 投诉 抬头 拒绝 提出 更多 没有 特意 等到 签订 能否 自动 行不行 见到 解释 详细 请示 赶时间 退房 选择 锁定 问住 ,0
一般 不错 到达 失望 实在 就是 并排 打扫 服务 没有 洗澡 浓烈 点评 连挡 ,0
便宜 可能 吓人 呵呵 差别 得到 感受到 拿到 直接 看到 看去 突然 进去 ,0
好看 必要 搬家 要死 觉得 ,0
不能 何在 入住 反过来 吃饭 告知 已经 干净 提醒 日出 服务 根本 比较 没有 观察 订掉 进来 郁闷 预订 ,0
一般 不会 到达 很大 选择 ,0
不可能 免费 完全 延迟 退房 ,0
不到 不好 工作 提出 提醒 服务 查房 比较 没有 要求 ,0
入住 制定 就是 当然 恰好 授权 接待 无奈 歧视 没有 混乱 通知 鄙视 难道 预定 ,0
一般 不会 关闭 卫生 说话 顺畅 ,0
可能 恶劣 服务 非常 ,0
不靠 也许 入住 原来 只能 告诉 外出 实际上 就让 忘带 换出 搬进 服务 没有 甚至 真的 觉得 豪华 ,0
一般 不够 不爽 喜欢 弥补 搞错 方便 旅游 最好 比较 没有 点评 竟然 简单 算是 补充 逛街 ,0
可能 恶劣 服务 非常 ,0
不好用 几乎 很小 没法 满意 超差 非常 预订 ,0
好看 必要 搬家 要死 觉得 ,0
不靠 也许 入住 原来 只能 告诉 外出 实际上 就让 忘带 换出 搬进 服务 没有 甚至 真的 觉得 豪华 ,0
一般 不够 不爽 喜欢 弥补 搞错 方便 旅游 最好 比较 没有 点评 竟然 简单 算是 补充 逛街 ,0
不出 包天 提供 牙刷 ,0
不开 听到 就是 很大 比较 睡不着 简直 非常 靠近 ,0
一直 不同 不能 为主 也许 便利 做到 光临 入住 再次 努力 包括 反馈 听到 喜好 完工 尊敬 就是 希望 很大 愉快 感受到 投入 投诉 提供 提到 提高 收到 改变 改进 最大 服务 正是 比较 深表歉意 满足 珍惜 简直 能够 装修 进步 进行 遇到 重新 非常 靠近 ,0
不出 包天 提供 牙刷 ,0
不开 听到 就是 很大 比较 睡不着 简直 非常 靠近 ,0
一直 不同 不能 为主 也许 便利 做到 光临 入住 再次 努力 包括 反馈 听到 喜好 完工 尊敬 就是 希望 很大 愉快 感受到 投入 投诉 提供 提到 提高 收到 改变 改进 最大 服务 正是 比较 深表歉意 满足 珍惜 简直 能够 装修 进步 进行 遇到 重新 非常 靠近 ,0
不得体 不满 了下 假道 到达 升级 协调 原来 反馈 可惜 告诉 好好 完全 完差 尴尬 延迟 开门 引来 引起 想法 拒绝 拿到 提前 撤掉 改变 放松 放置 最终 服务 毕竟 清楚 疏忽 直白 真正 睡下 知道 稍后 稍稍 简单 装修 询问 退房 送错 选择 道歉 随后 预定 ,0
包装 卫生 完整 整洁 较差 ,0
一般 偏远 服务 ,0
包装 卫生 完整 整洁 较差 ,0
不吃 不行 交涉 值班 发现 只能 回答 实在 就是 居然 带来 应该 服务 没有 要求 豪华 远离 ,0
不用 中转 估计 准时 响起 就是 干吗 按摩 掂量 晓得 更多 比较 没有 真的 还有 ,0
不快 不想 不理 入住 就是 手续 服务 点评 的确 补充 ,0
不吃 不行 交涉 值班 发现 只能 回答 实在 就是 居然 带来 应该 服务 没有 要求 豪华 远离 ,0
不用 中转 估计 准时 响起 就是 干吗 按摩 掂量 晓得 更多 比较 没有 真的 还有 ,0
不快 不想 不理 入住 就是 手续 服务 点评 的确 补充 ,0
一次性 一般 不会 不能 不高 值得 准备 包装 反正 发现 可能 实在 已经 意味着 据称 显著 服务 比较 没有 特别 甚至 相当 看不出 称道 肯定 舒服 试试 说明 需要 ,0
一次性 一般 不会 不能 不高 值得 准备 包装 反正 发现 可能 实在 已经 意味着 据称 显著 服务 比较 没有 特别 甚至 相当 看不出 称道 肯定 舒服 试试 说明 需要 ,0
可能 实在 旅游 ,0
入住 入眠 反映 就是 强调 紧靠 非常 ,0
发霉 推荐 知道 非常 ,0
一定 下水 不顾 了了 介绍 做为 入住 入驻 其实 再次 再见 减免 出行 分期 加强 反馈 吃到 培训 处理 多加 寻找 居多 开假 开始 想要 投诉 招工 推荐 提出 提高 放假 最差 服务 期盼 未经 没有 深表歉意 满意 理解 疏忽 确属 管理 经营 至今 致歉 著称 虚假 装修 还有 进行 适合 选择 逐层 附赠 ,0
值得 推荐 有的 根本 没有 装修 ,0
不足 不远 不错 入住 到达 发霉 告知 已经 换成 模糊 经常 需要 预订 ,0
不能 保证 效果差 装修 较重 预订 ,0
不错 严重 出去 出来 就是 干扰 日出 洗澡 相当 知道 离开 走开 起来 过道 还好 ,0
影响 服务 睡觉 较差 ,0
考虑 ,0
影响 服务 睡觉 较差 ,0
考虑 ,0
一般 偏远 服务 ,0
不行 其实 实在 旅游 服务 没有 相应 缺少 配套 ,0
不行 其实 实在 旅游 服务 没有 相应 缺少 配套 ,0
不堪 像是 实在 感到 挂牌 更是 沮丧 浓重 混合 理解 穿过 难以 ,0
一直 不可 入住 入睡 分得 吵杂 实在 忍受 最差 点评 简陋 糟糕 还有 ,0
入住 堆放 封闭 就是 废弃 拉上 疑似 离店 赶紧 还好 露台 ,0
不会 不动 入住 可怜 吃饭 居然 已经 投诉 拼到 服务 知道 简单 进去 ,0
大概 没有 没法 洗澡 简直 简陋 要命 配置 ,0
不好 怀疑 最差 留言 还有 ,0
入住 入眠 反映 就是 强调 紧靠 非常 ,0
不好 怀疑 最差 留言 还有 ,0
不够 不能 休闲 促销 入住 反复 发现 回答 大幅 大概 就是 已经 应当 应有 找到 指出 提出 提前 摸索 放水 是否 最低 有无 正面 沟通 没有 清洁 相比 看上去 结算 缺乏 至少 起来 过道 退房 预定 ,0
乱打 出来 天开 知道 简直 ,0
入住 入睡 发现 可惜 干净 应该 恐怖 最好 有的 知道 竟然 还有 ,0
取消 合作 就是 服务 没有 点评 补充 ,0
不值得 不好 推荐 服务 经常 ,0
很差 態度 服務 比較 痛苦 真的 選擇 還是 關在 電梯 飯店 ,0
一般 不行 友好 发现 就算 延迟 打车 服务 特别 稍微 答复 能否 超过 退房 ,0
入住 入睡 发现 可惜 干净 应该 恐怖 最好 有的 知道 竟然 还有 ,0
取消 合作 就是 服务 没有 点评 补充 ,0
不能 入住 出来 反映 好像 想必 据说 接待 提高 有待 比较 清洁 相比 考察 考虑 肯定 ,0
不值得 不好 推荐 服务 经常 ,0
很差 態度 服務 比較 痛苦 真的 選擇 還是 關在 電梯 飯店 ,0
一般 不行 友好 发现 就算 延迟 打车 服务 特别 稍微 答复 能否 超过 退房 ,0
不想 丑陋 作罢 其实 决对 出来 只值 完全 展现 开始 掉色 洗掉 ,0
不想 丑陋 作罢 其实 决对 出来 只值 完全 展现 开始 掉色 洗掉 ,0
不能 不错 依然 已经 换到 接受 服务 至今 装修 迎面 非常 ,0
不能 不错 依然 已经 换到 接受 服务 至今 装修 迎面 非常 ,0
一般 不大 便宜 比较 ,0
下班 不到 不够 不快 不该 不足 位置 光临 入住 关注 具体 具备 再次 制服 剥落 加强 反馈 可能 告知 告诉 培训 完全 尊敬 就是 属于 希望 开展 接待 描述 提出 提高 支持 改进 教育 方便 晾着 最大 有的 服务 没有 清闲 烦死 看着 知道 能够 表示 诚挚 迎接 进一步 遇到 非常 首先 ,0
一直 不会 不对 不能 享受 亲切 从来没 优惠 停着 停车 免费 入住 再也 出门 务必 原来 反馈 只能 可乐 吃饭 回事 回复 奇怪 安排 就是 平常 并入 开幕 开车 懒得 才能 搞定 收钱 改名 方便 最早 服务 毕竟 没有 没错 满意 点评 特别 甚至 盖取 直接 真的 确认 碰见 稀松 算了 结转 绕道 给予 给钱 维景 补充 要求 要紧 觉得 解释 说明 说错 转过 逛街 露天 预定 预订 高速 麻烦 ,0
一般 不一致 仔细 做出 允许 入住 关不上 关掉 关注 再次 出差 出现 出门 刺鼻 剩下 加强 反应 反馈 发出 发现 只能 可惜 呵呵 回来 坚持 培训 处理 失望 委屈 娱乐 存入 实在 尊敬 就是 居然 巨响 已有 已经 希望 引起 彻底 很小 很暗 很脏 怀疑 打不开 打开 指出 推不开 提供 提出 提高 放好 敢喝 方便 无奈 无烟 更好 服务 正好 没有 注明 点评 特别 特殊 犯愁 留言 相关 相应 看好 确认 称呼 立刻 结束 莫名 补充 装修 要求 觉得 评出来 询问 调查 还给 进屋 进行 退房 闻到 非常 顺便 预订 ,0
一直 不会 不对 不能 享受 亲切 从来没 优惠 停着 停车 免费 入住 再也 出门 务必 原来 反馈 只能 可乐 吃饭 回事 回复 奇怪 安排 就是 平常 并入 开幕 开车 懒得 才能 搞定 收钱 改名 方便 最早 服务 毕竟 没有 没错 满意 点评 特别 甚至 盖取 直接 真的 确认 碰见 稀松 算了 结转 绕道 给予 给钱 维景 补充 要求 要紧 觉得 解释 说明 说错 转过 逛街 露天 预定 预订 高速 麻烦 ,0
不可能 不能 严重 从未 住满 傲慢 入住 出现 发现 取消 合作 在即 坚称 并称 强烈 影响 怀疑 投诉 担忧 招待 无奈 有关 深感 监测 表示 装修 要求 调房 调整 进行 退房 造成 预订 ,0
写错 反馈 提前 服务 符合 退房 ,0
不行 对比 打印 找不着 最差 没有 没水 绝对 豪华 还有 ,0
不能 几乎 匹配 发霉 吵得 嘲杂 好好 开灯 弥漫 很远 必须 早就 潮湿 至多 认为 走道 足以 达到 ,0
不能 几乎 匹配 发霉 吵得 嘲杂 好好 开灯 弥漫 很远 必须 早就 潮湿 至多 认为 走道 足以 达到 ,0
不能 不错 优悦 安排 极其 点评 积分 补充 象住 预定 ,0
不能 不错 优悦 安排 极其 点评 积分 补充 象住 预定 ,0
一定 可惜 居然 相信 简直 ,0
上用 不太好 不能 停车 小看 就是 干净 很大 没有 点评 补充 解释 设备 遇到 ,0
只能 夸张 实在 摇头 服务 ,0
不想 入住 出来 办好 协调 启动 回答 处理 大概 希望 快快 愉快 手续 晕倒 有的 来到 查不到 没有 相当 睡不醒 竟然 简单 耽误 解决 解释 还有 退房 遇到 难道 预定 马上 ,0
一定 可惜 居然 相信 简直 ,0
只能 夸张 实在 摇头 服务 ,0
不想 入住 出来 办好 协调 启动 回答 处理 大概 希望 快快 愉快 手续 晕倒 有的 来到 查不到 没有 相当 睡不醒 竟然 简单 耽误 解决 解释 还有 退房 遇到 难道 预定 马上 ,0
不知 介绍 度假 影响 愿意 最靠 服务 没有 清楚 简单 豪华 过于 ,0
入住 应该 比较 知道 舒服 说来 ,0
发现 发黄 已经 建设 着住 走进 还有 退掉 ,0
只能 ,0
上爬 不夠 乾淨 什麼 免費 加收 坦然 寢具 應該 房間 本來 洗得 液體 留下 痕跡 看到 看起來 知道 網絡 衛生 過去 還不是 還有 顏色 ,0
实在 已经 看到 知道 破烂 装修 走道 ,0
一小 下水 入住 冲澡 夹杂着 实在 很慢 时常 留下 看见 知道 要不 ,0
不上 不到 不用 不肯 不评 买好 交谈 决定 出来 回来 失望 宁愿 很小 才能 服务 查看 根本 要求 进门 退房 选择 ,0
也敢 奇贵 就是 居住 应该 很小 成为 服务 真的 选择 ,0
入住 再次 几度 发现 据说 毕竟 涨到 理解 赚钱 首先 ,0
不住 不好 供应 刚刚 勉强 对付 居然 已经 开水 恐怖 更是 服务 没有 特殊 真是 知道 给换 说服 进去 ,0
一般 不小 不易 争风 倨傲 偏狭 入住 准确 副理 加强 只得 向来 听说 培训 失望 奇少 好辩 完全 尝试 提供 操作 旅游 暗旧 更加 服务 根本 残旧 比起 没有 清冷 知道 离开 空荡 管理 缺少 能够 装修 调研 较脏 邋遢 随便 非常 ,0
一般 不错 好在 实在 尚可 开身 服务 还好 ,0
不了 不大 便宜 已经 帮忙 平安 提着 服务 根本 没有 特别 直接 相当 设备 预定 ,0
上用 不太好 不能 停车 小看 就是 干净 很大 没有 点评 补充 解释 设备 遇到 ,0
了解 交涉 从没 保留 催过 免费 入住 再次 副理 反映 发生 取消 只好 同意 听到 告知 告诫 回复 失望 尚未 尽快 居然 应该 抖动 接通 提醒 擦干 收到 放出 放水 服务 期望 本该 果然 检查 没了 没有 没见 洗澡 确认 答复 答应 签字 给刷 继续 肯给 表示 装修 负责 超过 还有 连锁 退款 送来 道歉 非常 ,0
不会 不得不 从未 仿佛 似乎 实在 巨大 已经 干净 比较 没有 看不出 看看 自觉 还好 还有 麻烦 ,0
不该 居然 没法 要钱 豪华 郁闷 ,0
入住 好了 定下 宣传 很巧 很脏 根本 没有 特别 退房 非常 ,0
不错 像足 服务 没有 满意 真的 ,0
服务 没有 ,0
服务 还好 ,0
僵化 到底 居然 应该 换成 暗淡 服务 没有 被骗 调节 辞职 马上 ,0
一次性 听说 提供 比较 ,0
便利 听说 成旧 订高 认为 非常 ,0
入住 冷淡 反馈 希望 必然 挑衅 提出 整改 方便 服务 比较 满意 现已 觉得 认真 记得 起来 ,0
一次性 听说 提供 比较 ,0
便利 听说 成旧 订高 认为 非常 ,0
取消 合作 糟糕 预定 ,0
不错 像是 ,0
入住 再次 反馈 抢修 提出 明显 服务 移动 竭诚 紧急 致电 请谅解 赶快 起来 逃跑 造成 非常 预定 ,0
入住 再次 反馈 抢修 提出 明显 服务 移动 竭诚 紧急 致电 请谅解 赶快 起来 逃跑 造成 非常 预定 ,0
不到 只值 希望 很贵 得很 相比 选择 降低 ,0
不到 只值 希望 很贵 得很 相比 选择 降低 ,0
一般 不能 位于 几乎 方便 比较 没处 知道 苦恼 要买 赠送 还好 退房 闷死 难受 ,0
不会 不到 不见 估计 供应 做生意 光临 受罪 吃饭 好像 就是 已经 应付 永远 沟通 没有 没窗 看见 纯粹 结束 遇上 ,0
不错 入住 可惜 干净 担保 最多 最烂 看起来 知道 竟然 订到 还有 非常 ,0
卫生 尚可 ,0
不会 入住 就是 方便 比较 空荡 进门 ,0
不符 几乎 删去 嘈杂 很烂 很脏 得不到 所持 有效 服务 根本 预定 ,0
可气 强调 忌讳 恶劣 拿到 欺负 没有 点到 留给 直到 看着 说没 ,0
一般 不满 休息 入住 具有 再次 反馈 回复 就是 尽量 居住 属于 希望 影响 思考 愤怒 拥有 提供 提出 收取 更多 有利 有别于 未有 欺害 欺诈 没有 温暖 点评 甚而 甚至 相当 简直 缺欠 至今 舒适 行为 认同 轻松 进口 非常 颁发 预定 ,0
免费 失望 好像 很小 很旧 没有 预订 ,0
不知 告知 希望 开放 惊人 推门 提供 放回 放在 更换 没有 看到 真的 竟然 自助餐 转门 难吃 ,0
不到 不断 入住 可笑 告知 就是 很小 遇到 预定 ,0
上当 不可 入住 可笑 号称 尚可 尤其 抵挡 没有 没法 满意 真是 真的 答复 进去 非常 ,0
不到 不断 入住 可笑 告知 就是 很小 遇到 预定 ,0
不到 不好 介绍 出来 到处 副理 协调 厉害 取票 只好 可恨 告诉 喝酒 回到 始终 就是 就要 已经 帮忙 投诉 拒绝 最差 没有 知道 离开 索要 装修 要求 解决 讲到 还有 送票 ,0
不会 交涉 亲自 副理 打扫 推荐 没人 没见 登记 等一下 赔礼 过问 退房 送来 领进 ,0
一般 不会 位置 开车 最多 没有 装修 选择 ,0
不会 不能 从来没 入住 关不上 只好 启动 吵醒 失败 存在 实在 恐怖 打开 散发 明显 灵异 碰过 ,0
一般 不会 位置 偏多 具体 发布 大概 失望 就是 想不起 打出 接近 明确 曾经 有点像 服务 比起 洗漱 甚至 真是 简陋 绝不 自助 装修 说明 过得去 选择 配备 ,0
一般 不会 位置 开车 最多 没有 装修 选择 ,0
不会 不能 从来没 入住 关不上 只好 启动 吵醒 失败 存在 实在 恐怖 打开 散发 明显 灵异 碰过 ,0
一般 不会 位置 偏多 具体 发布 大概 失望 就是 想不起 打出 接近 明确 曾经 有点像 服务 比起 洗漱 甚至 真是 简陋 绝不 自助 装修 说明 过得去 选择 配备 ,0
反馈 ,0
不好 免费 出水 奉劝 竟然 纯净 设置 配给 ,0
住宅區 入住 剩餘 只能 可取 可惜 可憐 單位 坐位 大廈 容納 實在 廚房 很大 很小 房價 房間 改為 梳化 樓下 沒有 洗手 煮食 甚麼 相當 空間 經濟 緊貼 購物 酒樓 開放式 雖然 飲茶 ,0
入住 初次 反正 反馈 吵死 哄哄 带来 得到 更换 没得 深表歉意 觉得 还有 还行 进行 ,0
反馈 ,0
住宅區 入住 剩餘 只能 可取 可惜 可憐 單位 坐位 大廈 容納 實在 廚房 很大 很小 房價 房間 改為 梳化 樓下 沒有 洗手 煮食 甚麼 相當 空間 經濟 緊貼 購物 酒樓 開放式 雖然 飲茶 ,0
入住 初次 反正 反馈 吵死 哄哄 带来 得到 更换 没得 深表歉意 觉得 还有 还行 进行 ,0
下雨 不再 冒雨 出门 发现 只好 吃饭 听说 娱乐 有趣 查看 根本 没有 点评 粗鲁 绝对 补充 走到 还有 非常 ,0
不会 入住 服务 没有 舒服 觉得 选择 ,0
不想 不错 丰富 像是 划伤 恐怖 接待 简单 结算 认帐 ,0
不会 入住 服务 没有 舒服 觉得 选择 ,0
不想 不错 丰富 像是 划伤 恐怖 接待 简单 结算 认帐 ,0
上当 不可 入住 可笑 号称 尚可 尤其 抵挡 没有 没法 满意 真是 真的 答复 进去 非常 ,0
不能 开水 服务 比较 觉得 需要 麻烦 ,0
位置 方便 ,0
上网 不比 不耐烦 不肯 便利 倒是 入住 到达 受到 合作 告诉 妥善 对待 就是 就要 居然 带来 延迟 开始 必给 怀疑 愿意 才能 折磨 拆除 招牌 明显 更加 更换 有没有 根本 比较 永远 没有 没订 清晰 潮湿 看过 真相 睡上去 知道 租出去 简直 被单 要到 询问 说明 走到 还好 退房 非常 预定 ,0
不到 不好 不行 位置 吵到 接近 整修 最差 服务 觉得 超差 ,0
一定 不到 不同 不好 不想 不知 不肯 不错 从来没 位置 入住 再来 再次 写明 准备 反映 反馈 发生 告知 哭闹 培训 好了 完毕 就餐 已经 希望 应该 很小 很软 愉快 打印 打屁股 打开 批评 招呼 拨打 提供 提出 搬下来 搬到 整改 是从 服务 根本 比较 没有 清楚 点评 牙刷 特别 直接 相信 相关 真诚 积分 竟然 繁华 绝对 要求 费劲 走到 进行 道歉 重新 难道 非常 预定 ,0
一定 不到 不同 不好 不想 不知 不肯 不错 从来没 位置 入住 再来 再次 写明 准备 反映 反馈 发生 告知 哭闹 培训 好了 完毕 就餐 已经 希望 应该 很小 很软 愉快 打印 打屁股 打开 批评 招呼 拨打 提供 提出 搬下来 搬到 整改 是从 服务 根本 比较 没有 清楚 点评 牙刷 特别 直接 相信 相关 真诚 积分 竟然 繁华 绝对 要求 费劲 走到 进行 道歉 重新 难道 非常 预定 ,0
下榻 不住 不能 入住 再次 加强 反馈 尊敬 就要 已经 带来 感谢 打开 提出 表示歉意 诚恳 赐教 退房 选择 邀请 非常 ,0
一般 可吃 还有 ,0
不知 从不 低着头 光临 入住 压抑 昏暗 曾经 欢迎 没有 甚至 看着 观察 认识 ,0
一次性 不会 不大 不错 位置 入住 公然 决定 副理 参见 只见 号换 回去 坐在 奇怪 居然 很脏 快递 惊奇 愉快 控制 收拾 收走 是否 更是 服务 根本 没有 点评 真是 经常 补充 觉得 设计 说话 象是 送饭 遇到 非常 ,0
不好 免费 出水 奉劝 竟然 纯净 设置 配给 ,0
一般 可吃 还有 ,0
不知 从不 低着头 光临 入住 压抑 昏暗 曾经 欢迎 没有 甚至 看着 观察 认识 ,0
一次性 不会 不大 不错 位置 入住 公然 决定 副理 参见 只见 号换 回去 坐在 奇怪 居然 很脏 快递 惊奇 愉快 控制 收拾 收走 是否 更是 服务 根本 没有 点评 真是 经常 补充 觉得 设计 说话 象是 送饭 遇到 非常 ,0
不会 不错 入住 只给 可气 回答 失望 就是 应该 必须 手续 才能 抱歉 提出 方便 无理 比较 没有 注明 登记 看到 真是 竟然 糟糕 考虑 要求 说明 质疑 进门 选择 预订 ,0
不会 不错 入住 只给 可气 回答 失望 就是 应该 必须 手续 才能 抱歉 提出 方便 无理 比较 没有 注明 登记 看到 真是 竟然 糟糕 考虑 要求 说明 质疑 进门 选择 预订 ,0
一定 上床 不好 不少 不能 了要 修养 入住 凑合 发现 只能 可怜 喜欢 外出 容易 居然 带上 干净 开水 很凉 很细 打开 挑剔 接待 搞脏 故意 显示 服务 比如 洗脸 看似 肯定 自备 调节 迅速 退房 非常好 ,0
不可能 入住 发现 后悔 干脆 打到 推荐 极其 没有 真是 竟然 要命 起床 ,0
不好 不比 取消 旅游 服务 比较 觉得 赶着 足足 ,0
推荐 服务 绝对 ,0
不住 免费 入睡 卫生 干净 根本 没有 非常 ,0
一般 不能 保留 只能 回来 就要 并开 延至 搬到 放在 服务 来不及 没到 自助游 要不 要求 较差 退房 ,0
不住 免费 入睡 卫生 干净 根本 没有 非常 ,0
入住 冻得 害得 感冒 装修 ,0
值班 做法 变化 就让 居然 服务 欺诈 正巧 甚至 看看 豪华 ,0
不住 不好 反正 发誓 开门 很脏 拒载 最差 服务 没有 点评 离开 经常 补充 非常 马上 ,0
值班 做法 变化 就让 居然 服务 欺诈 正巧 甚至 看看 豪华 ,0
不住 不好 反正 发誓 开门 很脏 拒载 最差 服务 没有 点评 离开 经常 补充 非常 马上 ,0
反馈 开设 想到 改建 服务 注意到 ,0
尚可 ,0
不住 不能 几乎 到处 希望 打死 拒绝 接收 方便 服务 比较 没有 生硬 的确 看到 要求 说话 超市 退房 非常 ,0
不错 入住 冷淡 咨询 在外 打扰 服务 没少 高贵 ,0
不想 入住 ,0
只能 推荐 教训 最多 最高 点评 补充 认为 评为 首先 ,0
改成 比较 ,0
光临 入住 再次 加强 努力 反馈 希望 愉快 感冒 感受 抱歉 提出 搞错 改正 教育 有没有 服务 没有 点评 登出来 真诚 维护 补充 非常 ,0
出现 在在 最好 ,0
不想 入住 服务 没点 甚至于 ,0
入住 很大 相当 ,0
不好 失望 服务 潮湿 阴暗 ,0
不能 便宜 昏暗 没有 特别 特脏 竟然 自动 获取 要钱 设备 ,0
不会 肯定 ,0
回扣 推荐 特别 特烂 ,0
回扣 推荐 特别 特烂 ,0
一定 一挤 不到 不能 入住 出于 出来 加床 勉强 原来 只能 可加 告知 回答 坚定 好像 好好 宁愿 完全 寄存 应该 换到 提前 改变 改造 放假 敏感 无床 歇歇 比较 没有 没法 洗漱 登记 直接 破烂 确实 竟然 简直 考虑 蛮横 装修 要住 要求 解决 计较 说明 转转 还好 还有 避免 闹市 预定 ,0
不会 不好 便宜 好找 干净 比较 点评 看上去 简单 补充 要离 退房 ,0
不会 入住 服务 绝对 ,0
不到 收取 最差 没见 竟然 ,0
一般 下不去 挺吵 还有 ,0
一般 下不去 挺吵 还有 ,0
不凉 不好 不来 听到 开门 很大 很慢 比较 没有 ,0
原定 接电 退定 ,0
一边 不好 停放 好烂 就是 推荐 提供 最差 毫无 没有 没法 连好 难吃 难喝 非常 ,0
上网 差别 很小 标有 比较 觉得 ,0
一般 不到 不大 会展 估计 免得 免费 入住 入耳 分享 刷牙 务必 实在 就是 居然 属于 快乐 接受 比较 碰到 走进 起来 超市 超过 身高 还有 非常 ,0
偏僻 找到 比较 没有 知道 自主 ,0
事先 传真 保留 到达 取消 只能 可能 同样 告知 告诉 失望 对此 已经 得到 恶劣 承诺 拿出 接受 推后 改变 极其 没有 竟然 答复 紧张 考虑 认为 遗憾 非常 预定 ,0
事先 传真 保留 到达 取消 只能 可能 同样 告知 告诉 失望 对此 已经 得到 恶劣 承诺 拿出 接受 推后 改变 极其 没有 竟然 答复 紧张 考虑 认为 遗憾 非常 预定 ,0
不好 不能 冒汗 出于 到底 可乐 可能 吐出来 告诉 呵呵 回来 实在 就是 应酬 开车 晕死 没有 消费 直接 看着 签完 简直 足足 退房 ,0
入住 吃饭 告知 奉劝 就是 简直 ,0
事先 作为 借用 免费 几乎 到达 告知 工作 愿意 接客 接送 方便 是否 检查 正理 没有 设备 超过 需交 预约 首都 高低 ,0
不错 努力 变成 呵呵 好像 继续 装修 ,0
不好 不紧 出水 加强 培训 尤其 就是 很小 微笑 方便 有待 服务 没有 洗澡 涂过 舒服 起来 ,0
不好用 几乎 很小 没法 满意 超差 非常 预订 ,0
不能 实在 摆设 比较 没有 维修 装修 ,0
不好 不紧 出水 加强 培训 尤其 就是 很小 微笑 方便 有待 服务 没有 洗澡 涂过 舒服 起来 ,0
入住 登记 看到 看过 真是 简直 纯粹 虚假 解释 讹诈 赠送 超过 郁闷 预定 ,0
不能 兑现 最差 没房 点评 补充 譬如 订好 预订 ,0
不值得 去掉 合作 应该 推荐 最好 简直 马上 ,0
一般 不停 位置 发现 只能 很大 打车 比较 被单 还掉 还有 ,0
一般 不到 服务 ,0
一般 不到 服务 ,0
一晚 亲切 停水 入住 冲澡 冷淡 副理 发现 告诉 完全 接待 管理 类似 给换 维修 较差 ,0
一直 入住 吃饭 同样 好吃 就是 开开 开水 根本 比较 没有 注意 稍微 自助餐 舒服 还有 适合 非常 ,0
不会 肯定 ,0
准备 就是 摆设 正常 没有 睡觉 自备 观看 ,0
没有 满意 简直 ,0
一般 不好 其实 就是 简陋 ,0
不会 不能 就是 很小 简直 ,0
不让 享受 低劣 保留 入住 发现 可气 号称 吩咐 失望 奇怪 就是 居然 扯皮 方便 服务 欺骗 没完 洗浴 点评 特定 留放 登记 知道 简直 继续 自然 补充 评级 超过 返还 退房 遇到 防止 难道 非常 ,0
不能 值得 免费 冷热 几乎 出去 反映 受罪 可取 告诉 尝试 尤其 就是 已经 开始 很旧 很脏 投诉 据然 提供 新换 显然 更换 服务 比较 没开 没换 没有 混杂 清除 游泳 直到 看来 真是 真的 睡不着 考虑 落后 表扬 要不 要求 解决不了 解释 贪污 走道 过滤 选中 重新 重要 马上 ,0
不让 享受 低劣 保留 入住 发现 可气 号称 吩咐 失望 奇怪 就是 居然 扯皮 方便 服务 欺骗 没完 洗浴 点评 特定 留放 登记 知道 简直 继续 自然 补充 评级 超过 返还 退房 遇到 防止 难道 非常 ,0
不能 值得 免费 冷热 几乎 出去 反映 受罪 可取 告诉 尝试 尤其 就是 已经 开始 很旧 很脏 投诉 据然 提供 新换 显然 更换 服务 比较 没开 没换 没有 混杂 清除 游泳 直到 看来 真是 真的 睡不着 考虑 落后 表扬 要不 要求 解决不了 解释 贪污 走道 过滤 选中 重新 重要 马上 ,0
不分 不好 到位 无烟 服务 相同 ,0
一边 不好 停放 好烂 就是 推荐 提供 最差 毫无 没有 没法 连好 难吃 难喝 非常 ,0
不严 不知 了门 倒入 免费 入住 出来 反锁 可能 失望 强烈 怀疑 急忙 据说 提醒 敲门 极其 没有 直接 肮脏 脱落 蒙蔽 ,0
下水 不下 不断 不爽 不畅 不错 例如 冲澡 变化 可能 回答 实在 当然 得到 拔下 改名 显然 最差 服务 杀猪 狂叫 生意 知道 考虑 舒服 见到 请示 起来 还有 选择 遇到 ,0
不等 从没 吓死人 呵呵 好像 开门 打开 更好 最好 满意 直接 相当 要命 豪华 进来 顶多 ,0
,0
不错 便宜 凑合 发现 听说 坚持 失望 希望 很大 很小 排除 改进 放会 服务 比较 没见 竟然 选择 预先 ,0
上到 上当 听见 吵闹 居然 支持 最差 没有 没见 知道 竟然 装修 ,0
不能 入住 再次 出现 告知 告诉 实在 开始 感动 搞反 服务 查房 比较 火大 特别 竟然 等到 签单 简直 肯定 退房 退掉 预定 ,0
一晚 不了 不知 免费 决定 分时 只好 回来 奇怪 好了 害得 尤其 就算 居然 干净 怀疑 打扫 挨到 极小 没了 没有 满意 真是 竟然 粗糙 维修 要不 赶紧 还有 连面 送机 逃离 长期 ,0
不好 具体 后悔 帮忙 服务 没有 肯定 退房 非常 ,0
一定 上锁 不到 不小 不少 不敢 不足 偷窃 入住 再也 到处 发现 受到 只能 后怕 失窃 威胁 安全 小偷 工作 平移 幸亏 惨痛 感到 打开 教训 旅游 服务 满意 疑惑 相当 糟糕 自负 被偷 迟迟 遭受 ,0
不能 实在 摆设 比较 没有 维修 装修 ,0
不错 交涉 准信 反复 可能 回来 就是 想想 才能 投诉 拿来 提前 最差 服务 检修 涂去 照样 竟然 算了 跳闸 ,0
一再 一次性 不开 不得不 了非 仍旧 出来 反馈 取暖 实在 干净 开始 得了 怀疑 懂得 打印 换成 授权 提醒 收到 最长 有没有 查房 没有 浓重 消毒 清爽 潮湿 点评 直到 真正 睡醒 知道 翻找 联想 自顾自 至少 落座 补充 设备 难道 霉霉 领到 ,0
保证 入住 入睡 决不 协调 失望 始终 安排 希望 推荐 明显 服务 注重 深感 真正 着想 认为 赚钱 重视 预定 预订 ,0
应该 影响 离店 积分 ,0
不错 了得 便宜 出头 包头 可能 吃饭 好吃 实在 尾随 居然 方便 装修 随便 ,0
不错 了得 便宜 出头 包头 可能 吃饭 好吃 实在 尾随 居然 方便 装修 随便 ,0
不好 出行 影响 恶劣 ,0
一直 不行 入住 困难 打扫 没法 相比 睡觉 简直 肯定 闹到 ,0
入住 反映 强悍 投诉 服务 答复 简直 ,0
不会 不能 出来 加床 反正 发霉 就是 得到 打扫 最多 比较 留下 繁华 谈话 还有 防滑 ,0
一般 其实 服务 豪华 ,0
参加 可吃 居然 很小 很暗 晓得 没有 ,0
一次性 下水 不了 不会 不够 不对 不知 为主 也别 估计 入住 兴建 出来 好像 宽敞 就是 已经 帮忙 找到 提着 敲门 新换 旅行 显得 服务 比较 没有 看着 管理 绝对 还有 重视 ,0
一次性 下水 不了 不会 不够 不对 不知 为主 也别 估计 入住 兴建 出来 好像 宽敞 就是 已经 帮忙 找到 提着 敲门 新换 旅行 显得 服务 比较 没有 看着 管理 绝对 还有 重视 ,0
一般 曾经 该换 ,0
不算 不错 交涉 享受 保留 冷淡 出去 勉强 干扰 很小 打车 方便 旅游 没有 洗完 点评 直接 简陋 补充 要求 较大 较硬 预订 ,0
入住 开会 推荐 无烟 比较 没有 简陋 非常 ,0
一直 上订 不会 不好 不爽 不行 也敢 入住 再也 再有 决定 出来 加钱 发现 发生 可能 告知 告诉 喜欢 坚持 多加 好了 实在 就是 干净 影响 很小 很烂 很脏 打到 抓痒 拿出 接待 携城 日本人 显得 有没有 没有 相关 真是 睡觉 知道 离开 签约 糟糕 索赔 给钱 考虑 舒服 要钱 觉得 豪华 还好 进去 逃出 逮住 非常 麻烦 ,0
一直 上订 不会 不好 不爽 不行 也敢 入住 再也 再有 决定 出来 加钱 发现 发生 可能 告知 告诉 喜欢 坚持 多加 好了 实在 就是 干净 影响 很小 很烂 很脏 打到 抓痒 拿出 接待 携城 日本人 显得 有没有 没有 相关 真是 睡觉 知道 离开 签约 糟糕 索赔 给钱 考虑 舒服 要钱 觉得 豪华 还好 进去 逃出 逮住 非常 麻烦 ,0
,0
不能 习惯于 出差 听说 希望 感受 愿意 成为 提供 改进 替来 服务 沦落 点评 狡辩 直接 约定 补充 要求 觉得 评为 ,0
不能 提供 注意 真是 ,0
介绍 免费 加水 就是 提供 提意见 没有 狡辩 还有 非常 非常好 ,0
不可以 交涉 入主 入住 准备 加收 务必 告诉 固定 已经 投诉 接待 放下 无礼 没用 生讲 知道 确认 简直 蛮横 要求 设定 预订 ,0
不可以 交涉 入主 入住 准备 加收 务必 告诉 固定 已经 投诉 接待 放下 无礼 没用 生讲 知道 确认 简直 蛮横 要求 设定 预订 ,0
不好 估计 就是 干净 显得 真是 非常 ,0
一直 入睡 反应 提前 退房 预计 ,0
不会 吸引 失望 感到 服务 肯定 非常 ,0
不予 入住 刺鼻 尤其 推荐 确认 积分 累计 装修 过道 ,0
一般 严重 入住 准确 怀疑 打来 拿到 摆平 真对 踏实 非常 ,0
一般 上网 不好 不少 不开 不爽 入住 几乎 只好 可能 吃饭 堵上 大约 尚可 居多 工作 应该 打开 抢钱 拖走 拿走 放在 正好 没有 点评 知道 竟然 简直 补充 装修 超过 轰鸣 过道 运转 通知 道歉 ,0
不想 丢人 亲自 休息 入住 再一次 再来 办完 堪称 居然 想到 手续 打不开 折腾 推荐 最差 没灯 满意 疲倦 终于 要求 进屋 露天 ,0
不想 丢人 亲自 休息 入住 再一次 再来 办完 堪称 居然 想到 手续 打不开 折腾 推荐 最差 没灯 满意 疲倦 终于 要求 进屋 露天 ,0
居然 杀猪 ,0
当然 旅游 没有 相当 简陋 非常 预定 ,0
一小 不住 不问 停电 原来 告诉 多加 打听 按摩 更换 最差 服务 没有 点评 特别 行为 补充 讨论 设备 说坏 赶出来 通知 ,0
不好 催促 动辄 只给 告知 坚决 好像 开光 快点 服务 比如 甚至 简陋 算命 需要 非常 ,0
入住 发现 可气 吃剩 吃饭 干净 收到 没有 还有 还给 退房 非常 预定 ,0
很大 选择 ,0
入住 只能 固定 培养 实在 就是 打折 没有 注重 真是 简直 起来 辛苦 退房 ,0
不来 仍然 出来 卫生 发现 已经 干燥 开会 打开 打扫 打死 指定 放在 放水 是露 服务 极为 检查 没看 洗完 登记 知道 诚心 达到 ,0
像是 出行 实在 开始 方便 比较 看上去 简直 简陋 觉得 ,0
不再 介绍 作为 健身 发表 可能 娱乐 已有 拥有 服务 根本 没有 确实 配套 ,0
不会 不错 估计 作为 入住 制服 回到 失望 就是 当到 据说 最多 最好 服务 没有 知道 简单 走去 转弯 进出 ,0
一定 上当 免费 取消 提供 最懒 最脏 有生 没停 点评 相信 补充 ,0
严重 休息 入住 反馈 吵闹 吵闹声 安装 影响 很大 得到 提出 改善 期待 紧邻 装修 进行 非常 ,0
不能 使到 变得 可能 夸张 安全 常住 很杂 打牌 方便 绝对 还好 进出 进去 进进出出 ,0
,0
不住 再也 吓人 根本 没有 起来 ,0
不大 不能 保卫 先要 入主 入住 出入 回房 外出 希望 开门 按时 提交 有效 服务 查看 没有 没电 满意 狡辩 答复 自由 表示 进门 违法 限制 需要 ,0
不住 不能 修理 入住 反正 发黄 坏掉 就是 居然 已经 开对 才能 更换 极度 根本 没有 没法 洗澡 留下 留有 相当 糟糕 脱掉 舒服 ,0
位置 偏僻 ,0
不大 不能 保卫 先要 入主 入住 出入 回房 外出 希望 开门 按时 提交 有效 服务 查看 没有 没电 满意 狡辩 答复 自由 表示 进门 违法 限制 需要 ,0
位置 偏僻 ,0
做法 免费 到处 回复 得到 更好 没有 通往 ,0
上锁 不到 出自 安全 实在 居然 已经 最差 极其 正门 没有 测门 简陋 ,0
位置 糟糕 还好 ,0
一般 不住 不少 反映 实在 就是 帮忙 应该 忍不住 招呼 明显 最长 有始 没有 点评 看到 管理 要不 设备 象见 跟不上 ,0
位置 刺鼻 吵闹 奇慢 方便 施工 适中 非凡 ,0
不再 停车 光临 入住 再次 出来 剩余 反馈 可供 完全 实在 尊敬 希望 怕怕 方便 永远 没法 深表歉意 解决 还有 选择 遇到 非常 首先 ,0
不快 光临 再次 反馈 可能 回复 尊敬 希望 度过 接触 服务 期待 深表歉意 满意 相当 真诚 知道 算不算 美好 遇到 ,0
一般 不好 不错 亟待 却是 摔下去 改善 服务 相比 装修 ,0
不能 使用 接受 难以 ,0
一般 不住 从来没 位置 坚决 尤其 简直 非常 ,0
入住 就是 没有 点评 ,0
一直 不能 不行 入住 关不上 告知 告诉 完餐 就餐 投诉 拿走 新来 无烟 最低 有没有 消费 理解 知道 跟着 ,0
不到 出去 出租 发生 告诉 拦到 提出 随时 ,0
一般 入住 当然 怀疑 愿意 更加 没有 点评 牵强 痛苦 真的 简直 糟糕 还有 配备 难吃 非常 鲜榨 ,0
一般 入住 当然 怀疑 愿意 更加 没有 点评 牵强 痛苦 真的 简直 糟糕 还有 配备 难吃 非常 鲜榨 ,0
位置 再来 寄到 寄去 找到 ,0
不住 再也 服务 留下 还有 ,0
住满 发现 发黄 发黑 熟悉 ,0
一大 不好 入住 其实 告知 想要 施工 没得 离开 表演 ,0
一定 不好用 便宜 充满 入住 发霉 只好 后悔 实在 已经 强烈 打算 据说 极度 根本 活动 要命 ,0
服务 没有 真的 考试 阴暗 ,0
一直 不可 入住 出去 出现 助理 只好 只能 吃饭 告诉 就是 开始 开车 忍受 悦要 抬高 搞错 没有 满意 等到 简单 觉得 订下 预定 预约 ,0
不算 入住 冤透 告知 多付 就要 挨冻 服务 真是 赶到 避免 郁闷 ,0
一直 不可 入住 出去 出现 助理 只好 只能 吃饭 告诉 就是 开始 开车 忍受 悦要 抬高 搞错 没有 满意 等到 简单 觉得 订下 预定 预约 ,0
不算 入住 冤透 告知 多付 就要 挨冻 服务 真是 赶到 避免 郁闷 ,0
一直 上网 不会 不想 不用 不能 不错 交涉 仍然 便宜 入住 加钱 告知 已经 干净 投诉 接通 提供 提出 搬到 根本 看起来 调换 豪华 进去 退房 ,0
不会 剩下 包含 堵塞 干净 更是 没到 没有 符合 结束 自助 设备 还有 靠近 ,0
一直 不敢 不耐烦 为先 估计 保证 做好 入住 再次 努力 反映 反馈 只好 召开 回复 培训 就是 就算 就让 工作 已经 希望 忍受 恶劣 批评 投诉 提高 教育 服务 期待 极其 树立 比较 点评 真诚 知道 碰到 立刻 致歉 补充 进行 退房 ,0
不爽 不肯 付款 保证 做好 再次 刷完 副理 努力 反映 反馈 发出 只得 召开 号称 回去 回复 回答 培训 处罚 尤其 就当 就是 工作 希望 帮助 应该 开始 当然 很大 愉快 感到 愤怒 扔到 批评 拍到 接待 提升 提高 改善 教育 旅游 服务 欣慰 正常 比较 点评 特别 生财 留存 登记 的确 看到 看过 真是 真诚 碰到 立刻 签字 管理 继续 致歉 补充 认识 说明 趴在 较差 进入 进行 送到 选择 道歉 重视 随后 需要 预定 ,0
一般 介绍 方便 比较 霉变 ,0
不合格 估计 保留 保证 入住 几乎 剔除 剥落 定期 已损坏 已经 才能 推荐 更新 服务 没有 瘫痪 筛选 较大 进行 ,0
不好 不能 从来没 似乎 发现 吵闹 很小 很硬 接到 接受 服务 没有 满意 睡懒觉 通知 闷热 非常 ,0
同样 相差 ,0
一般 了解 入住 合作 同样 已经 很大 脱离 豪华 较为 ,0
可恶 吃饭 唯独 实在 封死 开始 登记 ,0
可恶 吃饭 唯独 实在 封死 开始 登记 ,0
下咽 不能 买回 付费 使用 供电 值得 停电 免掉 入住 再次 冤枉 切换 反馈 发现 取消 只能 启动 备用 失望 奇妙 好在 安全 应急 恢复 承认 担心 拒绝 提供 显示 更加 查房 没了 没有 深刻 点播 看着 自动 自助 舒服 表示歉意 要收 要求 观看 解释 赶上 超过 道歉 防火 难以 首先 ,0
一般 下班 不会 不少 不敢 不能 估计 值班 入住 再好 冲凉 参与 并未 挂牌 掉下来 提前 改造 早就 服务 没用 注明 睡不着 竟然 肯定 说明 转到 非常 ,0
一直 不错 入住 ,0
就是 显得 比较 看上去 纯粹 ,0
就是 显得 比较 看上去 纯粹 ,0
省得 糟糕 ,0
一直 不妨 入住 其实 反映 很大 推出 推荐 比较 点评 相差 认为 ,0
不好 保留 先是 光临 入住 再次 加强 反馈 发生 告知 告诉 困扰 培训 失望 尊敬 就是 希望 愤怒 抱歉 担保 提高 早就 最终 期待 没房 看到 真的 确认 竟然 简直 表示 评为 还有 进到 退房 造成 避免 非常 ,0
不了 优惠 偏贵 免费 加上 反馈 可能 就是 已经 希望 所住 支持 更正 最少 比较 给予 继续 设计 需要 首先 ,0
一般 不到 反馈 可能 喜好 喜欢 希望 很小 很杂 支持 没有 真的 给予 谅解 ,0
失望 奇怪 就是 最多 真是 还有 送错 非常 ,0
一般 实在 就是 很贵 无意 正好 特别 看上去 看到 ,0
,0
不好 休息 干净 方便 比较 ,0
上当 不能 事先 告知 打算 没有 确认 设置 麻烦 ,0
一定 一般 不可以 不太好 不好 不能 制冷 就是 服务 极为 没剩 点评 简单 经常 补充 ,0
一般 服务 ,0
一次性 位置 入住 到位 完全 实在 就是 开门 服务 没换 没有 清洁 ,0
居然 没有 确认 预定 ,0
居然 没有 确认 预定 ,0
一般 低于 包括 属于 服务 紧临 ,0
上网 没有 竟然 ,0
不会 不能 不错 以致于 卫生 只能 安全 忍受 时不时 服务 浓烈 瘙痒 睡觉 进门 选择 重要 闻到 预订 ,0
一定 不到 不想 交接 再三 再也 却说 已经 快捷 收到 新开 方便 服务 根本 正好 没有 甚至 真的 确实 确认 耐心 躲避 非常 预定 ,0
一定 不到 不想 交接 再三 再也 却说 已经 快捷 收到 新开 方便 服务 根本 正好 没有 甚至 真的 确实 确认 耐心 躲避 非常 预定 ,0
不肯 不见 停工 入睡 居然 巨大 开始 施工 等到 苦苦 ,0
出去 包烟 寄放 打包 服务 相反 算不算 自营 要求 较烂 ,0
估计 入住 加收 发现 后悔 实在 居然 没住 没有 看见 还有 退房 逛街 鄙视 ,0
不好 位置 入住 决定 已经 手续 肯定 装修 进入 ,0
不理 似乎 忙碌 比起 略有 非常 ,0
严重 作为 保证 做到 卫生 同样 失望 好在 导致 干净 平庸 接水 提供 整洁 更好 服务 来到 清爽 点评 相形 知道 立即 繁华 考虑 补充 觉得 设计 过得去 还有 进行 连锁 高低 ,0
出去 包烟 寄放 打包 服务 相反 算不算 自营 要求 较烂 ,0
不好 位置 入住 决定 已经 手续 肯定 装修 进入 ,0
不理 似乎 忙碌 比起 略有 非常 ,0
严重 作为 保证 做到 卫生 同样 失望 好在 导致 干净 平庸 接水 提供 整洁 更好 服务 来到 清爽 点评 相形 知道 立即 繁华 考虑 补充 觉得 设计 过得去 还有 进行 连锁 高低 ,0
一般 不住 不能 便宜 失望 简直 肯定 ,0
不能 可觉 居然 最好 没待 看完 解决 ,0
一般 不到 竟然 送餐 选择 非常 ,0
一定 一般 上网 不会 不做 不够 不知 不能 享受 从没 使用 便利 保卫 保证 值得 入住 出口 到达 发生 失误 安全 安装 就是 尽职 帮助 开门 必要 忍受 感受 承诺 接待 推荐 放在 明显 更换 服务 松动 比较 没有 没见 稳定 简陋 综述 考察 表扬 要求 过道 追求 适处 遇到 铺设 防火 首先 ,0
一般 出差 好像 就餐 感受 极其 没有 装修 ,0
不能 可觉 居然 最好 没待 看完 解决 ,0
一定 一般 上网 不会 不做 不够 不知 不能 享受 从没 使用 便利 保卫 保证 值得 入住 出口 到达 发生 失误 安全 安装 就是 尽职 帮助 开门 必要 忍受 感受 承诺 接待 推荐 放在 明显 更换 服务 松动 比较 没有 没见 稳定 简陋 综述 考察 表扬 要求 过道 追求 适处 遇到 铺设 防火 首先 ,0
一般 出差 好像 就餐 感受 极其 没有 装修 ,0
不够 提供 服务 比较 甚至 相差 穿着 需要 ,0
反馈 唐山 回来 实在 ,0
不到 加上 加油 实在 希望 当然 恼火 服务 相差 选择 ,0
不到 加上 加油 实在 希望 当然 恼火 服务 相差 选择 ,0
入住 知道 ,0
几乎 后悔 很旧 最差 服务 真的 ,0
一般 不配 只能 可能 完全 实在 感冒 懒得 截流 最大 服务 没有 竟然 还好 遗憾 难吃 ,0
不能 丢人 入住 到达 吓跑 帮忙 很暗 愉快 招手 有损 服务 比较 理睬 真是 示意 竟然 繁华 连刷 难怪 非常 ,0
不能 丢人 入住 到达 吓跑 帮忙 很暗 愉快 招手 有损 服务 比较 理睬 真是 示意 竟然 繁华 连刷 难怪 非常 ,0
不好 不能 很大 考虑 装修 ,0
上网 入住 稳定 ,0
一般 很慢 ,0
不太好 不行 挺暗 进门 ,0
上锁 不知 使得 入住 其实 再订 原来 只好 告知 很大 有订 查到 没有 洗澡 竟然 要求 ,0
,0
一般 得了 豪华 ,0
不值得 不对 不符 不高 仍未 保证 值班 做到 入住 关闭 具备 再次 划掉 单薄 反应 反馈 发现 召集 回复 回应 培训 安排 安装 完全 实在 尊敬 工作 已经 希望 开会 很慢 得到 忘掉 找到 投诉 抱歉 拜访 指望 接到 接待 推荐 推迟 提出 提升 提及 支持 改成 更多 最大 最少 最最 服务 朦胧 树立 检查 永远 没有 注明 理解 直到 相关 着装 着重 睡眼 知道 确实 确认 离开 穿着 突然 简直 绝对 统计 肯定 至少 良好 营销 要命 要求 解决 询问 详细 说法 象审 象演 赠送 较好 达到 进行 连续 选择 顺利 预订 首先 ,0
不会 不想 入住 反馈 告诉 尊敬 愉快 提供 敬请 服务 ,0
不一定 不可能 不用 不能 严重 争取 亏待 亏损 作为 入住 其实 再次 出现 出租 原来 反馈 回复 回说 处理 安排 尊敬 带来 应变 应该 征用 得到 必须 怎能 愉快 才刚 打车 执行 接受 推说 提供 提早 支持 收到 改说 无关 晓得 最基本 期待 未有 查询 永不 活动 深感 特别 牺牲 真是 知晓 离开 竟然 能够 致电 荒谬 表示 要求 谅解 退房 透过 逗留 通知 道歉 遗憾 采用 难以 预定 预订 ,0
上挂 交涉 供应 免费 友好 培训 尊重 希望 应对 提供 擅自 有的 没有 结束 进入 进行 ,0
上当 值班 好在 有意 服务 欺诈 欺骗 没有 确认 ,0
上挂 交涉 供应 免费 友好 培训 尊重 希望 应对 提供 擅自 有的 没有 结束 进入 进行 ,0
上当 值班 好在 有意 服务 欺诈 欺骗 没有 确认 ,0
优胜 方便 混乱 ,0
上当 切勿 容易 巨窄 按说 没有 知道 设备 过于 ,0
一直 了近 从来 体察 何必 入住 再次 出差 发现 发生 口供 告知 回到 在场 处长 大约 好话 如入 希望 带回 弄坏 彻底 心目中 愿意 拨打 损坏 敬请 最终 极其 根本 栽赃 没有 注意 洗清 焚毁 看看 破损 立即 类似 耽误 肃清 能够 装修 要求 讹诈 询问 赔偿 赶到 还有 退房 透明 递烟 郁闷 野蛮 驾到 ,0
不住 冒出 加强 原来 妄图 打开 找到 推荐 教育 暗暗 更好 来住 注意 清楚 相信 看到 知道 繁荣 觉得 貌似 郁闷 ,0
分明 没有 清楚 ,0
漂亮 ,0
不肯 不错 倒贴 入住 务必 媲美 就是 恐怖 扑鼻 昏暗 没有 算有 累积 肮脏 长年 ,0
入住 入宿 出于 只能 吓人 已经 恐怖 换到 查阅 点评 ,0
漂亮 ,0
不肯 不错 倒贴 入住 务必 媲美 就是 恐怖 扑鼻 昏暗 没有 算有 累积 肮脏 长年 ,0
入住 入宿 出于 只能 吓人 已经 恐怖 换到 查阅 点评 ,0
一般 不会 免费 另加 奇贵 好像 最烂 绝对 舒服 觉得 ,0
一般 免费 就是 没有 特别 ,0
不会 作出 做法 再用 取消 只能 听任 堵车 好像 妥当 安排 就是 居然 已经 成交 投诉 推荐 撇得 显示 没有 清楚 用作 直到 知道 解释 达到 预定 ,0
不会 不到 不同 入住 再次 切防 只能 容忍 希望 找到 报销 提交 斩到 无名 核对 没有 理解 签字 绝对 随便 ,0
一边 不好 不错 光鲜 入住 几外 同样 回答 处理 实在 忍不住 放到 极其 直接 看到 突然 竟然 简直 赶时间 起来 退房 遇到 ,0
一边 不好 不错 光鲜 入住 几外 同样 回答 处理 实在 忍不住 放到 极其 直接 看到 突然 竟然 简直 赶时间 起来 退房 遇到 ,0
一直 不存在 也许 似乎 入眠 准备 可否 完美 尊重 尤其 应该 怀疑 感想 换来 无奈 特别 真诚 试想 足够 ,0
免费 入住 出门 完工 广大 收钱 方便 施工 注意 考虑 还有 ,0
免费 入住 出门 完工 广大 收钱 方便 施工 注意 考虑 还有 ,0
再三 刚刚 卫生 取消 受到 听到 呼吁 实在 就是 希望 快乐 恶劣 打到 承诺 按摩 接到 推广 提高 更多 服务 欺骗 没有 满意 点评 由衷 真是 糟糕 致歉 补充 觉得 诚恳 负责 还有 造成 避免 需要 非常 ,0
一般 上网 不会 不再 不比 免费 出行 实在 就是 才能 搭理 放下 方便 显示 最少 服务 欺骗 涉嫌 激活 还有 ,0
一般 上网 不会 不再 不比 免费 出行 实在 就是 才能 搭理 放下 方便 显示 最少 服务 欺骗 涉嫌 激活 还有 ,0
很烂 推荐 阴暗 ,0
下楼 休息 做法 已经 打表 更加 最多 服务 根本 没有 注意到 结算 自动 计算 说明 非常 ,0
一大 不好 入住 其实 告知 想要 施工 没得 离开 表演 ,0
不到 入住 勉强 实在 希望 必要 必须 撤单 核对 甚远 留下 相差 要求 认真 随时 ,0
下楼 休息 做法 已经 打表 更加 最多 服务 根本 没有 注意到 结算 自动 计算 说明 非常 ,0
不会 做出 入住 再次 反馈 安装 完毕 已经 希望 应该 很大 很烂 抱歉 提供 更多 正好 比赛 没有 潮湿 点拨 看到 绝对 让步 调试 还有 道歉 遗憾 错过 ,0
不止 反映 同样 应收 感冒 是订 服务 没有 特别 相比 糟糕 起床 ,0
不好 加上 吵得 整晚 睡眠 睡着 要命 ,0
不太好 不错 不高 位置 可能 号称 吃饭 吵杂 完美 干净 延迟 收钱 方便 结合 装修 觉得 退房 非常 ,0
不太好 不错 不高 位置 可能 号称 吃饭 吵杂 完美 干净 延迟 收钱 方便 结合 装修 觉得 退房 非常 ,0
一般 下雪 不敢 估计 出差 升级 哎呀 回来 坐上去 已经 开始 打不开 打开 掉牙 最差 服务 没有 湿湿 特别 甚至 看看 知道 腾腾 讨厌 还有 ,0
一般 下雪 不敢 估计 出差 升级 哎呀 回来 坐上去 已经 开始 打不开 打开 掉牙 最差 服务 没有 湿湿 特别 甚至 看看 知道 腾腾 讨厌 还有 ,0
不到 只能 强烈 推荐 放下 极小 根本 没了 赶不上 ,0
一直 停止 开始 提示 施工 有理 死人 没有 继续 解决 ,0
准备 只能 可能 吃饭 已经 想到 授权 提醒 提高 暂且不说 有待 比起 没有 真的 睡觉 硬是 确实 突然 竟然 签单 装修 配不上 重新 ,0
不到 只能 强烈 推荐 放下 极小 根本 没了 赶不上 ,0
一直 停止 开始 提示 施工 有理 死人 没有 继续 解决 ,0
位置 勉强 比较 ,0
不会 付费 位置 出入 加料 卫生 发现 取车 可见 吃饱 回到 就是 影响 恐怖 提供 方便 更为 服务 比较 没有 清洁 游荡 现烧 看见 真的 睡眠 竟然 经常 结束 要求 超大 过于 进门 需要 非常 预订 ,0
一定 一點 不會 偏僻 入住 已經 時候 服務 根本 沒人 沒有 為了 省錢 空調 誇張 這樣 風聲 ,0
一定 一點 不會 偏僻 入住 已經 時候 服務 根本 沒人 沒有 為了 省錢 空調 誇張 這樣 風聲 ,0
不太好 不能 大陸 就是 平安 您們 房間 推荐 會員 未曾 標準 正如 環境 生活 直立 窄小 老老實實 肥胖 見到 走動 車站 較遠 頭髮 顏色 ,0
一定 不够 不好 不错 介绍 位置 使用 入住 其实 发现 可怜 坐在 完美 实在 小于 居然 已经 干净 应该 恐怕 才能 推荐 放不下 服务 极尽 没有 漂着 点评 甚至 相差 看电视 研究 稍微 要求 见到 觉得 认为 进去 连坐 选择 需要 首先 ,0
一定 不到 入住 到达 同去 后悔 失望 服务 期待 比较 清楚 退房 ,0
不太好 不能 大陸 就是 平安 您們 房間 推荐 會員 未曾 標準 正如 環境 生活 直立 窄小 老老實實 肥胖 見到 走動 車站 較遠 頭髮 顏色 ,0
一定 不够 不好 不错 介绍 位置 使用 入住 其实 发现 可怜 坐在 完美 实在 小于 居然 已经 干净 应该 恐怕 才能 推荐 放不下 服务 极尽 没有 漂着 点评 甚至 相差 看电视 研究 稍微 要求 见到 觉得 认为 进去 连坐 选择 需要 首先 ,0
一定 不到 入住 到达 同去 后悔 失望 服务 期待 比较 清楚 退房 ,0
不到 服务 确实 绝对 ,0
一般 下楼 不能 善意 好像 必须 担心 提醒 查看 登记 等待 要求 靠近 预定 马上 ,0
不得不 充满 兑现 到达 或明或暗 承诺 潮湿 简直 糟糕 过道 闪烁 非常 预定 频繁 ,0
不象 简直 ,0
不象 简直 ,0
严重 复合 夹杂 没法 浓重 生存 简直 较差 麻烦 ,0
严重 复合 夹杂 没法 浓重 生存 简直 较差 麻烦 ,0
一直 一般 不少 便宜 倾斜 出来 原来 回去 就是 已经 方便 没有 洗完 洗澡 溅出 研究 老大 设计 超市 还有 ,0
不住 停车 免费 合作 嘈杂 就算 影响 最差 知道 竟然 简直 非常 ,0
一小 不会 不能 不见 互相 交涉 享受 仍未 任选 修改 入住 几乎 到达 原来 发现 同意 告诉 回房 坚决 失望 奇怪 实在 对此 就算 居然 已经 年轻 强烈 强调 归还 忍不住 忘记 愉快 感受 愤怒 扣住 承诺 担保 拒绝 拿到 换成 提出 摇头 改为 无敌 早就 是否 最终 有的 服务 查到 查过 根本 欢乐 沟通 没有 游泳 登记 直到 真是 真诚 知道 确认 突然 竟然 等待 简陋 算是 糟糕 自助餐 落实 表示歉意 要付 要求 解释 认识 询问 豪华 转去 退房 通知 道歉 鄙视 难道 露出 非常 预付 ,0
原来 告知 对此 改造 根本 没有 进行 预定 ,0
同意 后悔 没看 点评 看看 ,0
一般 上网 不能 休息 做饭 到达 安排 很远 才能 没法 穿过 闻到 非常 ,0
失望 比较 ,0
失望 比较 ,0
也许 副理 反映 反正 反馈 尊敬 尽力 希望 改善 方便 比较 点评 ,0
开通 没有 签名 要求 送来 ,0
不到 不用 从来 传真 发现 回来 在升 实际上 帮忙 挂来 更是 未经 查询 核对 根本 没有 消费 确认 竟然 签字 超市 还有 ,0
一大 一定 一般 下咽 不得 不得不 不补 为求 休息 估计 入住 出去 分配 勉强 发现 只好 只能 可恶 吃完 同意 后悔 告知 嘈杂 围拢 威胁 实在 封闭 干脆 开始 很小 很闹 得很 忍受 拆迁 提前 散发 施工 是否 最差 服务 极其 查询 没有 潮湿 看电视 紧紧 经常 给换 缩短 要求 说话 调换 豪华 身着 过道 返京 退房 选择 透过 难以 需要 非常 面对 鞠躬 ,0
估计 最差 ,0
一般 实在 就是 服务 比较 设计 ,0
上锁 不错 严肃 乖乖 先是 决不 出现 刺鼻 原样 变苦 只好 只能 失望 容易 尝尝 就是 巨大 希望 干净 应该 才能 撤回 明显 服务 没有 没法 没辙 简陋 终于 解释 还算 适合 重复 非常 顺便 首先 骚扰 麻烦 默念 ,0
交涉 入住 发霉 安排 居然 潮湿 长期 预订 ,0
不对 入住 到处 到达 反馈 失望 实在 已经 得成 晓得 致以 装修 解决 设置 诚挚 豪华 较晚 ,0
上进 下属 不会 不思 从没 入住 回复 培训 大连 好好 工作 干吗 改进 方便 有用吗 比如 永远 没借 看到 真的 绝对 考虑 该换 越来越 还有 ,0
不予 不会 不在 不好意思 不用 争论 作为 作用 保护 做到 入住 出来 到处 反馈 回来 安排 寄存 就是 居然 年轻 度假 当然 影响 想想 愿意 批评 承包 投诉 拜访 按摩 接受 提供 提出 提到 敲门 是以 更好 服务 来访 正好 正常 没有 没用 甚至 登记 监控 监视 看到 真的 确实 算了 管理 绝对 自备 舒适 访客 说明 进入 进行 退房 选择 透露 道歉 难得 难道 震惊 非常 首先 ,0
一定 不爽快 似乎 催问 入住 减少 加上 努力 反馈 好了 就是 已经 带来 影响 很烦 得到 得很 打不开 控制 提供 提到 插入 插进去 支持 改进 施工 显示 更好 最大 有效 服务 真诚 给予 继续 表示 要加 诚挚 跟踪 进行 退房 马上 ,0
不错 也敢 便宜 停在 出于 出入 刺鼻 发霉 变成 奉劝 好在 就是 居然 带有 开始 打开 扔进 拒绝 接近 没有 签约 自由 要求 说起 豪华 进入 退房 马上 ,0
复杂 懒散 方便 没有 选择 ,0
不下 不少 不想 不符 优惠 依稀 便宜 值得 公开 具备 出来 出游 反馈 发现 告诉 回来 实在 家住 尤其 就是 希望 影响 怀疑 打到 投诉 折扣 拍死 拿到 显示 最大 根本 甚至 直接 睡觉 简直 谈判 轻松 非常 预定 ,0
,0
出错 搞错 服务 ,0
一定 否則 房間 服務 比較 補充 說明 變為 雙人房 非常 預訂 ,0
不得不 不断 作为 修好 入住 关掉 再次 刚好 创造 努力 反馈 只能 困难 培训 尤其 居住 居然 很小 很脏 打扫 推荐 摔跤 放不掉 最大 期待 没有 洗完 清洗 美好 舒服 舒适 踩得 轮到 进去 连转 铺满 ,0
一向 不会 不爽 严重 事先 作为 使用 催问 入住 再点 出口 出现 到底 到达 升级 嘱咐 堕落 安排 就是 应该 征求 很远 恶劣 手开 手续 接受 撕票 方便 最长 服务 没有 浓重 点心 留下 看到 绝对 美好 要求 说明 豪华 退房 递给 遇到 顺利 ,0
一向 不会 不爽 严重 事先 作为 使用 催问 入住 再点 出口 出现 到底 到达 升级 嘱咐 堕落 安排 就是 应该 征求 很远 恶劣 手开 手续 接受 撕票 方便 最长 服务 没有 浓重 点心 留下 看到 绝对 美好 要求 说明 豪华 退房 递给 遇到 顺利 ,0
不大 不好 不错 估计 入住 决不 几乎 分散 好吃 容易 尚可 就是 帮忙 干净 开使 很快 很窄 才能 挑衅 挡住 推门 提到 方便 昏暗 是否 服务 来回 没有 目送 真的 碰撞 联动 起来 足以 还好 还有 非得 ,0
介绍 吃完 好坏 有错 没有 说明 ,0
介绍 吃完 好坏 有错 没有 说明 ,0
一直 上当 不会 不同 不好 不适 严格 举措 事先 仔细 低于 作为 倡导 入住 准备 出差 反馈 听到 响应 处理 尊敬 尽量 工作 希望 应尽 度来 开展 得到 感受到 投诉 抱怨 控制 提出 支持 更为 有没有 服务 极其 没有 活动 深表歉意 清楚 满足 理解 相差 经常 经营 节能 行动 要求 视为 评选 较大 进行 选择 造成 配备 需求 首先 高于 ,0
很脏 ,0
一般 却是 就是 得到 ,0
不行 尚可 推荐 ,0
一般 不能 体现 冷淡 出现 完全 得到 服务 相当 非常 ,0
不了 不会 就是 永远 点评 补充 选择 非常 ,0
一般 不会 不长 位置 入住 卫生 很大 打开 搬走 相差 知道 ,0
不能 从未 入住 发现 可笑 吵醒 坚持 居然 怀疑 打扫 据说 改动 改成 最好 服务 极并 睡醒 确认 私自 起床 追问 退房 ,0
不能 互相 享受 就是 怎能 服务 没有 ,0
一定 不做 不到 不来 不能 事先 做好 再也 减少 出去 加强 受到 只好 吃到 告知 大约 好像 存在 已经 弄清 弄湿 很大 找到 改动 放好 服务 没有 清楚 的确 看好 知道 结束 自助 自觉 起来 足疗 还有 进去 进来 随手 ,0
一定 不做 不到 不来 不能 事先 做好 再也 减少 出去 加强 受到 只好 吃到 告知 大约 好像 存在 已经 弄清 弄湿 很大 找到 改动 放好 服务 没有 清楚 的确 看好 知道 结束 自助 自觉 起来 足疗 还有 进去 进来 随手 ,0
实际上 干净 比较 自称 顶多 ,0
一般 上班 偏要 做出 偶然 其实 努力 协调 失误 就别 持续 改进 期望 来讲 毕竟 没有 特别 看上去 知道 确实 确给 舒服 连住 非常 ,0
不好 出租 听到 处理 较差 非常 ,0
不到 不够 出来 实在 已经 希望 感冒 明显 没有 洗出 满意 熨斗 睡觉 竟然 答复 调到 配备 非常 预定 ,0
不错 就是 满意 ,0
不够 不好意思 兴致 几乎 副理 加钱 原有 原来 发现 发生 吸烟 增城 处理 安排 就是 希望 带到 度假 很大 很好 忍不住 打消 打通 投诉 接受 无奈 无比 根本 没有 没能 特别 相当 真的 等待 算是 终于 考虑 致歉 要加 要求 觉得 订上 讨厌 说明 起满 进入 连加 退房 遇到 郁闷 需要 马上 ,0
一小 不会 不对 不来 交涉 免费 免费送 入住 减免 副理 升级 发现 受到 可能 奔去 奔来 居然 当然 必要 怀疑 愤怒 投诉 明显 是否 没房 没有 睡觉 绝对 继续 致电 要求 解释 讨饭 豪华 道歉 面对 预订 ,0
后悔 ,0
供应 入住 关掉 好像 居然 没有 清楚 ,0
充滿 可惜 周到 失望 最多 服務生 遭到 ,0
惨痛 教训 最终 服务 竟然 ,0
不敢 偏僻 到位 卫生 喜欢 掉线 比较 消毒 稳定 肯定 装修 ,0
一幅 不住 不吃 再也 却是 发霉 合作 已经 接待 有没有 服务 没有 点中 舒服 还有 非常 ,0
一般 就是 干净 ,0
值得 偏贵 出示 吃饭 就是 很大 提供 提示 无烟 是否 没有 登记 自费 舒服 赞扬 风吹 ,0
下到 去续 居然 看见 ,0
一般 不会 只能 摇动 算是 考虑 ,0
不错 了要 入住 可惜 呼呼 注明 真是 说加 豪华 预定 ,0
一般 不会 只能 摇动 算是 考虑 ,0
不错 了要 入住 可惜 呼呼 注明 真是 说加 豪华 预定 ,0
一早 不亮 不远 使用 入住 剥落 办完 发现 可气 平衡 手续 搬到 没有 混乱 逃出 预定 ,0
不好 入住 没有 综合 ,0
一次性 一般 上能 不会 不该 出来 听到 失望 居然 感受到 掉出 提供 比较 没有 清爽 满意 漱口 点评 牙刷 直到 要命 设备 非常 ,0
很好 服务 糊涂 萧条 ,0
不变 不通 再也 咨询 容易 开车 引领 找到 旅游 服务 没有 烹饪 询问 进入 遥控 ,0
一般 其实 出来 可能 吓死人 就是 愿望 打车 担保 提供 方便 服务 点评 紧张 美好 补充 跑掉 需要 预定 ,0
不好 不符 也许 仅仅 位置 倒是 具体 到达 发现 吵醒 打车 方便 有关 比较 清楚 ,0
一直 出现 发现 没有 真的 解决 起来 进去 ,0
下回 不会 不符 便利 同样 得不到 没有 漂亮 相应 符合 要求 选择 ,0
不会 不适 严格 从未 作为 保存 偏偏 内疚 出差 加工 反映 反馈 发生 取消 吃坏 希望 弄得 引发 投诉 抱歉 担心 操作 涉外 相当 至今 表示 送到 非常 飞到 ,0
一般 不敢 可能 同住 同样 就是 很痒 起来 ,0
不会 不适 严格 从未 作为 保存 偏偏 内疚 出差 加工 反映 反馈 发生 取消 吃坏 希望 弄得 引发 投诉 抱歉 担心 操作 涉外 相当 至今 表示 送到 非常 飞到 ,0
上网 下班 不行 介绍 休息 大连 应该 影响 想要 服务 没聊 竟然 试下 说话 郁闷 ,0
一定 下楼 不算 事先 你我 值班 允许 免得 出来 分到 到底 到达 加收 同意 告知 告诉 回答 处理 就是 希望 并未 应该 当即 必要 必须 承担 承认 投诉 提出 最好 最早 没有 清楚 点评 真得 知道 突然 竟然 管好 管理 补充 要付 说好 转告 进入 退房 ,0
一般 不敢 可能 同住 同样 就是 很痒 起来 ,0
不到 不行 位于 入住 出去 刚刚 单独 吃饭 居然 强烈 忍受 承包 报修 搪塞 料理 正处 没好 稳定 装修 鄙视 ,0
不好 出租 发黄 可靠 失望 居然 极其 极度 生硬 相信 觉得 ,0
不好 是否 相同 ,0
不错 便利 比较 ,0
不予 不错 依然 免费 升级 卖掉 发现 可气 回到 回来 好在 存放 实在 就是 归还 快递 提醒 支付 服务 没有 直到 看到 离开 退房 预订 ,0
不会 不太好 不好 不好用 很大 接触 更换 没有 的确 看看 选择 ,0
不会 失望 肯定 阴暗 非常 ,0
不会 后悔 好好 干净 应该 打给 推荐 搬走 服务 比较 看到 真的 缺乏 舒服 起来 进门 鼓捣 ,0
出行 方便 比较 符合 ,0
不好 入住 没有 综合 ,0
出行 方便 比较 符合 ,0
不停 不满 发觉 嚣张 得到 找回 接送 方便 极度 没有 答复 赶紧 ,0
上当 不住 从未 入住 可能 开放 感想 接送 料理 最好 服务 清洁 自助 艰难 ,0
下水 不好 不畅 出水 尚可 希望 应该 很小 服务 没有 洗澡 符合 装修 要求 重新 ,0
一般 下雨 不好 不错 从事 位置 供暖 入住 冒雨 制造 剪掉 告诉 实在 对此 已经 很大 很小 惊奇 想开 感到 打车 方便 更换 曾经 服务 查询 检查 比较 没有 点评 生意 看到 看来 维修 补充 诚恳 说好 赚钱 赶上 通常 采光 预订 马上 ,0
不得不 不能 不行 严重 了找 伴有 倒是 入住 其实 出去 出现 判断 勉强 发冷 吃惊 呕吐 回答 在建 在意 大副 实在 居然 希望 帮忙 开始 开张 开药 引起 接待 期待 根本 沟通 没有 浓厚 看看 真是 睡觉 确定 离开 答复 答应 终于 结合 肯定 能够 补充 解释 认为 说明 越来越 重视 ,0
一般 入住 压抑 安排 就是 应该 最差 比较 没有 特别 装修 选择 配套 ,0
不得不 不能 不行 严重 了找 伴有 倒是 入住 其实 出去 出现 判断 勉强 发冷 吃惊 呕吐 回答 在建 在意 大副 实在 居然 希望 帮忙 开始 开张 开药 引起 接待 期待 根本 沟通 没有 浓厚 看看 真是 睡觉 确定 离开 答复 答应 终于 结合 肯定 能够 补充 解释 认为 说明 越来越 重视 ,0
一般 入住 压抑 安排 就是 应该 最差 比较 没有 特别 装修 选择 配套 ,0
一般 ,0
一定 下楼 不算 事先 你我 值班 允许 免得 出来 分到 到底 到达 加收 同意 告知 告诉 回答 处理 就是 希望 并未 应该 当即 必要 必须 承担 承认 投诉 提出 最好 最早 没有 清楚 点评 真得 知道 突然 竟然 管好 管理 补充 要付 说好 转告 进入 退房 ,0
不错 位置 ,0
不会 不错 光顾 可惜 吃饭 歧视 比较 看上去 绝对 谢绝 郁闷 ,0
一直 修理 大便 好了 憋着 无奈 最终 没有 硬是 竟然 解决 请求 ,0
一次性 一直 不仅仅 不信 丢弃 临走 交涉 其实 出去 剥落 取得 可能 听到 复查 失望 已经 开始 开门 想到 才能 承包 挂牌 换上 推荐 支持 最差 服务 欣慰 没有 渐渐 游泳 激烈 生存 疏忽 直接 相信 看到 知道 竞争 简直 致命伤 觉得 进去 重视 随便 默默 ,0
一直 修理 大便 好了 憋着 无奈 最终 没有 硬是 竟然 解决 请求 ,0
一次性 一直 不仅仅 不信 丢弃 临走 交涉 其实 出去 剥落 取得 可能 听到 复查 失望 已经 开始 开门 想到 才能 承包 挂牌 换上 推荐 支持 最差 服务 欣慰 没有 渐渐 游泳 激烈 生存 疏忽 直接 相信 看到 知道 竞争 简直 致命伤 觉得 进去 重视 随便 默默 ,0
位置 发展 可能 很旧 服务 点评 补充 ,0
下楼 不了 不耐烦 丢下 了门 位居 倒霉 入住 再三 准备 出门 只能 吃饭 同意 存在 已经 开始 开门 感受 手续 扑鼻 打开 挺猛 捣鼓 暗示 有的 服务 没有 洗澡 流溢 真是 确认 等到 简陋 管理 给办 给换 要求 赶路 进来 退房 顿时 ,0
一般 上网 不会 位置 可能 宁愿 就是 很硬 掉线 方便 相当 选择 逛街 ,0
上网 不会 不到 不快 作为 吓人 完全 简陋 绝对 要求 难吃 ,0
不加 不夠 不好 不能 他們 做事 冷淡 同時 問題 實在 專業 尤其 態度 房間 改善 整晚 有待 服務 服務台 服務員 欠佳 殘舊 的話 禮貌 符合 良好 處理 衛生 設施 語氣 讚美 還要 ,0
推荐 点评 糟糕 补充 郁闷 ,0
推荐 点评 糟糕 补充 郁闷 ,0
一般 偏僻 比较 ,0
一般 付账 分清 划账 可能 对账 明细 没有 注意 签单 销售 ,0
入住 反应 只能 吃饭 吆喝 外出 居然 很偏 招呼 挤到 接待 服务 没有 直接 相帮 看到 知道 立刻 训示 进来 远离 ,0
不到 不同 入住 刁难 分到 只能 告知 安排 得到 收到 有意 没有 直接 真是 算是 足足 还有 道歉 预定 ,0
不好 不满 入住 强烈 才能 折腾 服务 来回 碰到 评上 退房 ,0
不大 不好 不急 不配 优惠 出水 出门 取消 奇怪 好像 居然 有没有 洗澡 相信 真的 还有 退房 预定 ,0
几乎 实在 干净 没有 看不懂 象是 ,0
一般 不为 不等 不能 不足 反馈 同样 带来 提出 提高 有点像 服务 期待 相同 设立 选择 道歉 首先 ,0
不加 不夠 不好 不能 他們 做事 冷淡 同時 問題 實在 專業 尤其 態度 房間 改善 整晚 有待 服務 服務台 服務員 欠佳 殘舊 的話 禮貌 符合 良好 處理 衛生 設施 語氣 讚美 還要 ,0
一般 不了 先是 其实 升级 原来 只好 同样 好在 完全 挡住 据说 服务 混到 知道 要求 ,0
不再 举动 入住 可笑 坚决 埋单 多付 开心 愚蠢 抹杀 服务 点评 真是 竟是 补充 请问 选择 ,0
不再 举动 入住 可笑 坚决 埋单 多付 开心 愚蠢 抹杀 服务 点评 真是 竟是 补充 请问 选择 ,0
不少 不错 入住 公认 狭窄 ,0
位置 发现 嘈杂 已有 比较 清洁 清理 生续 疏忽 离开 补充 ,0
一定 一般 不会 不错 亲手 保存 保留 入住 划掉 发现 只好 只能 可能 多加 好了 尤其 平和 并未 得很 所换 拿出 推荐 推说 改到 改成 最早 没有 注明 清楚 留心 真是 着急 签字 算是 绝对 耍赖 要住 进去 ,0
一小 位置 免费 准备 却说 另行 好吃 实际上 容易 宽敞 提供 方便 最大 没有 混用 牵强 的确 装修 解释 误认为 谁知 达到 ,0
不好 不错 可问 就算 服务 的用 看到 睡觉 知道 综合 适合 选择 ,0
下水 不畅 施工 ,0
一般 位置 号住 心疼 超烂 ,0
一直 一般 不够 入住 应该 明显 服务 没见 生锈 评级 重新 ,0
上网 不满 优先 免费 合资 吓死 就是 快捷 推介 比较 知道 简直 糟糕 绝对 非常 ,0
不和 不好 合作 怀疑 成功 持有 有钱 点评 的确 相信 知道 签定 说出 遇见 ,0
不安 出入 号称 喧闹 点评 补充 ,0
一般 不错 临近 入住 吵死 就是 很忙 才能 搞定 相当 退房 ,0
一般 不错 临近 入住 吵死 就是 很忙 才能 搞定 相当 退房 ,0
不冷 不好 不错 依然 再次 反馈 发火 召开 失去 对此 尊敬 居然 很慢 得知 愉快 愿开 抱怨 接受 提高 支持 改进 服务 期待 查找 深表歉意 直到 确保 稍微 突然 管理 莅临 落实 诚挚 调整 道歉 非常 靠近 ,0
不冷 不好 不错 依然 再次 反馈 发火 召开 失去 对此 尊敬 居然 很慢 得知 愉快 愿开 抱怨 接受 提高 支持 改进 服务 期待 查找 深表歉意 直到 确保 稍微 突然 管理 莅临 落实 诚挚 调整 道歉 非常 靠近 ,0
不会 绝对 ,0
一般 不会 入住 完全 服务 相关 考虑 ,0
就让 服务 没有 ,0
一边 下楼 不会 不值得 不得不 从来 休息 保证 入住 关不紧 出去 出示 出门 发现 叫醒 可能 听见 吵醒 吹散 告知 呵呵 哗哗 回来 坐在 安慰 安置 对付 就是 干活 幸亏 开始 弄好 影响 必须 折腾 搭建 服务 查房 正好 没有 清蒸 游泳 相同 真是 睡觉 管用 维修 自负 装修 要求 觉得 警察 起来 还加 还有 进行 连忙 郁闷 醒来 防止 顶住 ,0
上网 不会 免费 入住 入睡 加强 反映 反馈 发生 叫醒 听到 大喊 好像 实在 居然 弄得 得用 快捷 愉快 感受到 感谢 最贵 没有 深表歉意 真正 睡着 确保 管理 设备 起床 起来 进一步 进房 选择 遇到 难道 需要 震惊 首先 ,0
减轻 出来 头疼 好像 完全 开始 想吐 想想 打开 接受 晕车 服务 没有 甚至 相对 睡觉 要求 觉得 走道 还过得去 难受 ,0
不同 不嫌 仔细 发黑 合适 回收 增加 实在 就是 开启 很淡 很软 明显 有的 比较 没有 觉得 还有 违法 退房 首先 ,0
一般 不好 服务 真是 真的 进去 ,0
不会 休息 出租 吃饭 好像 开始 拒载 收拾 早就 极其 极大 正规 消费 用完 看着 知道 结束 续住 舒服 起来 进来 ,0
便宜 ,0
不了 不够 不好 不知 不能 不行 不让 争辩 使用 入住 可能 吃饭 坐下 希望 帮忙 拒绝 提供 携成 收拾 最贵 服务 根本 比如 没有 生硬 看来 看见 考察 考虑 警察 评为 试问 说开 退房 ,0
不行 回来 就是 ,0
一般 服务 非常 ,0
恶劣 摆明 极其 根本 欺骗 没有 清楚 简陋 难吃 ,0
不到 介绍 免费 入住 其实 出现 升级 反思 只能 告知 咨询 回答 就是 已经 希望 平整 应该 开关 很脏 必备 快速 手续 打扰 接受 昏倒 显示 服务 根本 没有 清楚 疑问 看看 看见 简直 舒服 良好 评定 说明 豪华 还有 选台 铺设 需要 预定 首先 ,0
下楼 不想 乘坐 停用 入住 出去 到达 发现 只得 告知 回到 回房 回来 实在 就是 就餐 尽早 忽灭 打开 承诺 检查 没水 没锁 沮丧 洗头 洗澡 混乱 牙刷 直至 睡觉 确定 绝不 自动 自取 调换 达到 送上来 需要 马上 ,0
一般 失望 服务 没有 竟连 ,0
听到 靠近 ,0
加收 就要 很暗 比较 退房 ,0
便宜 就是 愧对 点评 补充 ,0
便宜 就是 愧对 点评 补充 ,0
不会 做法 入住 坚决 就是 强烈 最差 服务 比较 没见 特低 理解 简直 谴责 ,0
不会 做法 入住 坚决 就是 强烈 最差 服务 比较 没见 特低 理解 简直 谴责 ,0
一般 刚刚 刚对 实在 就是 属于 延住 开门 当然 形成 提出 搬出 服务 比较 没有 特别 相信 竟然 经常 续住 要求 远远 遇见 ,0
不好 不耐烦 介绍 便宜 入住 单晚 原来 发现 宁愿 尤其 就是 希望 帮助 很小 恶劣 想去 提供 提出 教训 旅游 是也 服务 没有 满意 至少 诚恳 豪华 非常 首先 ,0
一般 不好 不足 位置 偏僻 冲洗 卫生 就餐 当即 拒绝 接待 收取 方便 清净 清洁 清洗 甚至 立即 简单 简陋 糟糕 表示 足够 运动 进行 退房 选择 遇到 非常 预订 ,0
一直 不好 不错 再次 出入 加上 卫生 变化 可玩 失望 干净 应该 度假 弄得 很脏 整洁 方便 没有 特意 简直 非常 首先 ,0
不好 只能 居然 恐怖 ,0
不会 不让 根本 肯定 能够 装修 说明 非常 预定 ,0
不好 只能 居然 恐怖 ,0
不会 不让 根本 肯定 能够 装修 说明 非常 预定 ,0
几乎 发现 提高 擦不掉 擦掉 有待 看着 舒服 ,0
一直 不到 不错 之多 停车 到处 助理 发现 回答 居然 希望 打来 抱歉 接到 接听 更好 最差 服务 点评 特别 睡觉 简直 补充 表示 解释 郁闷 ,0
一直 不到 不错 之多 停车 到处 助理 发现 回答 居然 希望 打来 抱歉 接到 接听 更好 最差 服务 点评 特别 睡觉 简直 补充 表示 解释 郁闷 ,0
一直 不敢 仿佛 入住 出来 单独 压抑 好像 居然 很暗 怪异 暗暗 舒服 进去 随时 ,0
下降 不予 值班 冻得 夸张 安排 打哆嗦 按摩 推销 是否 更是 最差 服务 根本 漂亮 疯狂 知道 ,0
下车 找到 比较 没有 相当 起来 还好 ,0
便宜 偶尔 卖到 双早 找不出 接收 有的 标有 没有 相当 简陋 超过 ,0
下楼 不吃 不好 不符 便宜 入住 提供 方便 最差 服务 比较 知道 苛刻 要求 ,0
上网 不错 位置 便宜 应该 方便 比较 没有 相对 装修 重新 ,0
不好 决不 卫生 很脏 ,0
决不 已经 很旧 ,0
不快 制止 吵闹 好大 应该 洗好 看见 离别 等于 还有 退房 ,0
不肯 可能 改装 最差 没有 ,0
保证 再也 恶劣 昏暗 没有 潮湿 非常 ,0
不符 不能 入住 决不会 居然 很小 打手 按摩 注意 ,0
不错 服务 ,0
位置 偏远 方便 ,0
不到 不慎 不错 亲自 入住 具体 分开 到付 回来 就是 工作 很好 忘记 快递 找到 放在 没有 真的 知道 耐心 要来 采取 ,0
刚刚 处理 服务 没有 真的 豪华 非常 ,0
不到 不慎 不错 亲自 入住 具体 分开 到付 回来 就是 工作 很好 忘记 快递 找到 放在 没有 真的 知道 耐心 要来 采取 ,0
刚刚 处理 服务 没有 真的 豪华 非常 ,0
不能 不错 选择 ,0
一般 不会 交涉 停车 到位 制服 发现 可怜 回来 实在 感到 挂牌 指挥 服务 欣慰 烫坏 看看 积极 经常 ,0
一大 不小 不贵 不错 交谈 位于 停歇 入耳 再订 出奇 包括 吃到 开始 开门 换到 整晚 留下 睡着 行动 试试 还算 预留 ,0
以後 凸出 吵離 市區 床墊 彈簧 很棒 後來 得很 房間 打算 方便 本來 点评 為什麼 糟糕 舒服 补充 覺得 距離 退房 這麼多 進去 ,0
以後 凸出 吵離 市區 床墊 彈簧 很棒 後來 得很 房間 打算 方便 本來 点评 為什麼 糟糕 舒服 补充 覺得 距離 退房 這麼多 進去 ,0
不错 服务 ,0
,0
不错 位置 就是 干净 装修 还有 ,0
倒是 入住 几乎 到处 同意 处理 强硬 慢慢 打开 拿走 据说 服务 没有 注意 直接 知道 能坏 还有 适应 非常 ,0
人像 只能 就是 希望 看不清 真的 简直 觉得 评估 ,0
不知 作罢 使用 出行 只能 实在 最差 没有 需要 ,0
一般 下水 号称 完全 很小 推荐 放心 最多 查房 走去 非常 预订 ,0
位置 偏僻 出游 居然 方便 比较 没有 适合 非常 ,0
一边 不能 只能 告知 居然 工作 接待 搞错 有没有 永远 没有 没辙 注明 登记 肯定 要用 调节 起来 配不上 预定 预订 麻烦 ,0
一般 不会 服务 ,0
上有 出入 发霉 怪异 打扮 暧昧 最差 ,0
介绍 到达 发现 审查 希望 担保 推荐 简单 简直 能够 过于 预订 ,0
不会 不换 便宜 做起 发黄 就算 居然 开始 弄得 摘掉 看齐 确实 符合 等到 糊弄 重新 ,0
一早 从未 倒霉 出现 发现 吃到 吃饭 同意 呕心 好好看 实在 居然 开车 打不开 打开 扫兴 搞错 特殊 真是 碰到 维修 罩上 进去 ,0
侦破 入住 反思 反馈 发生 外出 开门 录像 惊魂 掌握 接待 擅自 沟通 没有 理解 监控 相信 真诚 积极 继续 行动 表达 负责 赖掉 跟踪 轻易 道歉 ,0
不好 出去 发现 合一 居然 怀疑 打进 换到 泄露 直接 知道 繁华 老是 自称 说出 豪华 还有 马上 ,0
出去 划价 开门 捣乱 效果差 服务 洗澡 确实 装修 送餐 ,0
上网 复杂 服务 没有 特别 装修 较差 ,0
不了 不满 不适 修理 冲洗 出来 发现 可能 夹逢 感到 放心 更换 洗澡 渗透 相对 要求 认真 还好 还算 ,0
像是 吃饭 比较 没有 简单 难吃 ,0
实在 就是 居然 很贵 确实 ,0
一直 入住 提供 洗澡 ,0
反正 安全 很小 没有 爬出 竟然 简单 还有 ,0
一般 共鸣 加上 失望 留言 说话 ,0
一定 不下 不错 了解 介绍 入住 其实 只能 可做 可玩 告知 喜欢 回来 安排 实际上 寄存 开始 必须 推荐 是从 是否 最好 本意 来回 没有 洗漱 淳朴 清楚 特意 的确 直接 看到 看前 肯定 背着 跑去 返回 退房 随性 ,0
不能 停车 刻薄 叨唠 呵呵 来住 没有 真的 给骗 缴费 进门 马上 ,0
一般 介绍 出行 包车 却是 另一番 根本 比较 没有 没法 生活 考虑 非常 ,0
叫做 就是 真够 ,0
叫做 就是 真够 ,0
不错 喜欢 就是 据说 比较 没试 舒服 ,0
不小 不错 位置 倒是 出门 包括 吃饭 娱乐 就是 方便 没有 清淡 生意 知道 觉得 逛街 ,0
不小 不错 位置 倒是 出门 包括 吃饭 娱乐 就是 方便 没有 清淡 生意 知道 觉得 逛街 ,0
不好 不能 丧失 久久 传来 值班 入住 入睡 出国 可爱 号称 合作 回答 坚持 开通 弄得 忘记 恐怖 找出 拨号 拨打 拨通 提前 提示 无奈 显然 没有 留下 眼看 着火 离去 试拨 退房 长期 长途 首先 ,0
不幸 多得是 好吃 点评 看到 补充 走走 还算 预订 ,0
再也 失望 微笑 服务 申请 看不到 ,0
一般 不好 位置 偏僻 装修 ,0
入住 决不 方便 根本 没有 离开 竟然 考虑 较差 ,0
不能 使用 倒倒 兑现 准备 几乎 到处 包含 娱乐 完全 就是 开发 打发 投诉 服务 根本 没有 点缀 点评 烧烤 用来 自助 补充 装修 要命 还有 遍地 长满 随便 ,0
一定 不断 入住 关掉 冒出 出现 刚刚 到达 原来 反映 发现 发觉 告知 告诉 回到 大约 就是 已经 应该 开始 得到 承受 抖动 换成 放水 显得 最终 比较 没有 洗完 洗澡 满身 烧烤 热醒 爆发 用去 直射 直接 睡着 穿越 竟然 终于 继续 背着 要求 解决 认为 跟着 还下 还有 进来 迟迟 退房 透过 重新 钓到 隔开 顺便 飘散 马上 ,0
不足 充满 入住 出水 吸氧 奇慢 扣除 直接 相关 退款 ,0
一般 不错 居然 方便 比较 没有 看起来 非常 ,0
一律 不合格 不来 了解 告知 定期 就是 应该 影响 推荐 根本 比较 没有 清理 清除 维护 考察 诱使 预定 频繁 ,0
冷淡 尤其 方便 服务 极其 洗澡 设置 ,0
一直 入住 提供 洗澡 ,0
一般 就是 尽量 居然 属于 希望 干净 没有 能够 还有 非常 ,0
刚好 希望 开始 睡不着 装修 ,0
一般 下雨 不会 不够 不好 也许 伸展 入住 冻醒 原来 发现 完全 开着 很大 很小 拉上 正好 洗澡 炒蛋 相差 相当 粗心 赶上 起来 超贵 非常 ,0
上放 吃惊 强烈 很大 推荐 留下 舒服 被单 选择 ,0
不好 ,0
上网 不和 亏死 供应 倒霉 入住 勉强 取消 大连 展会 影响 想想 打劫 打折 打车 担保 收到 无耻 比较 没有 点评 确认 离开 简直 维修 补充 解释 豪华 赶到 进去 连夜 迫降 非常 预定 ,0
上网 不和 亏死 供应 倒霉 入住 勉强 取消 大连 展会 影响 想想 打劫 打折 打车 担保 收到 无耻 比较 没有 点评 确认 离开 简直 维修 补充 解释 豪华 赶到 进去 连夜 迫降 非常 预定 ,0
入住 准备 出来 原来 居然 开门 恐怖 感冒 扔出去 拉入 更是 最差 没有 洗澡 直接 进来 退房 ,0
不会 不到 估计 关闭 原来 就是 很慢 最多 根本 超过 预定 ,0
严重 入住 导致 工作 影响 打算 提倡 映像 模糊 比较 深刻 离开 装修 要求 ,0
不好 不能 丧失 久久 传来 值班 入住 入睡 出国 可爱 号称 合作 回答 坚持 开通 弄得 忘记 恐怖 找出 拨号 拨打 拨通 提前 提示 无奈 显然 没有 留下 眼看 着火 离去 试拨 退房 长期 长途 首先 ,0
不知 交涉 从来 已经 强烈 打扫 挂上去 推荐 没有 走道 遇到 ,0
严重 入住 导致 工作 影响 打算 提倡 映像 模糊 比较 深刻 离开 装修 要求 ,0
不知 交涉 从来 已经 强烈 打扫 挂上去 推荐 没有 走道 遇到 ,0
不同 位费 分为 分开 原固 可能 等于 结算 转去 重复 ,0
一定 不求 不知 不错 位置 何必 几乎 喜欢 回去 失手 干净 度假 开始 愿意 抱怨 挂牌 携成 是否 最好 最差 有福 正式 正规 温暖 直到 离开 结合 绝对 要住 ,0
上网 仅仅 可供 回答 失望 好像 快连 摔破 放不下 没蛋 没送 精美 结束 要求 赠送 还有 预订 ,0
一般 不能 可怜 实在 服务 没有 特别 确实 非常 ,0
不能 不错 入住 办好 告诉 手续 退房 ,0
一般 反正 好像 完全 很小 无比 服务 比较 经常 ,0
关掉 只好 很小 很脏 ,0
不通 与否 付费 伟大 供应 免费 反复 害得 开始 打表 挂牌 接听 正确 没有 注意 解释 起来 非常 ,0
位置 偏僻 入住 出来 提供 服务 没有 相当 给定 绝对 走下去 ,0
入住 出来 分别 告知 干净 服务 没有 满意 要放 ,0
停车 决定 吃饭 吓人 干净 得来 打扫 是用 清静 真实 知道 简直 简陋 要选 选择 顶多 ,0
上长 不会 不对 不算 为主 乱放 享受 仔细 偏激 入住 决定 出现 到处 卫生 原来 发现 取代 可见 后悔 否定 喜欢 回头 奇怪 奇痒 好朋友 好评 实在 就是 平整 度假 开发 开始 很毒 手续 抓挠 抱歉 拼命 推荐 无比 更是 曾经 有辱 服务 果断 根本 毫不 没有 消掉 满意 点评 看到 看得出 看看 真的 破碎 离开 简单 管理 紧闭 罢工 萧条 补充 要命 认识 较重 过道 进房 颇为 马上 ,0
不错 就是 得逞 提高 故意 有待 服务 查房 留下 落乡 ,0
不符 卫生 听到 嘶叫 失望 特别 较差 ,0
上网 不了 休闲 免费 入住 出差 包括 可能 回用 实际上 才能 投诉 提供 比较 没有 注意 装修 适合 ,0
上网 不能 买不到 偏僻 免费 刚好 可能 回复 好赚 实在 已经 开始 拉到 拿来 描述 有的 来到 没有 特别 看似 看到 磕碜 简直 繁华 要订 郁闷 ,0
不到 收取 服务 生硬 考虑 装修 过于 退房 ,0
不到 收取 服务 生硬 考虑 装修 过于 退房 ,0
不洁 不知 不错 刺鼻 可有 回来 好在 就是 潮湿 着奇 紧凑 被单 飘溢 ,0
不洁 不知 不错 刺鼻 可有 回来 好在 就是 潮湿 着奇 紧凑 被单 飘溢 ,0
入住 推荐 非常 ,0
上餐 入住 失望 应含 报修 没人 看不出 退房 预定 ,0
一般 也许 入住 再次 刚刚 取消 合同 告诉 回来 就是 影响 愚弄 打开 打扫 推门 服务 根本 没有 直接 离开 起床 进去 连门 ,0
具备 卫生 原来 实施 帮助 延住 打扫 扩大 改建 早就 有的 洗好 看电视 觉得 进入 需要 ,0
竟然 ,0
不好 尤其 服务 比较 ,0
一般 不住 不好 再也 服务 特别 知道 要放 要求 认识 说满 ,0
竟然 ,0
不好 尤其 服务 比较 ,0
不动 就是 淘汰 装修 ,0
不动 就是 淘汰 装修 ,0
卫生 回去 无烟 没在 算了 装修 要求 还好 进去 ,0
享受 出来 实惠 服务 未算 极少 消费 签约 结算 要求 连锁 配置 ,0
严重 倒是 可怜 呵呵 失望 好像 曾经 的确 知道 非常 ,0
不会 入住 后悔 挺大 没有 觉得 ,0
不开 可怜 居然 得到 投诉 指示 没有 答复 要死 需要 ,0
不会 失望 实在 点评 觉得 ,0
不对 指示 非常 麻烦 ,1
不错 实惠 很大 ,1
不加 应该 重视 ,1
一大 不到 不错 介绍 出发 划算 加上 很小 推荐 整洁 是从 比较 消费 确实 自助游 还好 还有 ,1
不好 不足 不错 导致 整洁 方便 设计 ,1
不能 了下 便宜 充电 冲澡 只能 好找 就是 干净 开得 推荐 方便 特意 留意 知道 足够 首先 ,1
不错 周到 就是 居住 开始 接受 推荐 新开 方便 暖和 服务 比较 没有 洗澡 被单 较冷 逛逛 ,1
便利 服务 选择 ,1
不错 休息 坐在 幽静 选择 非常 ,1
不好 不错 免费 升级 希望 应该 服务 真正 碰到 竟然 能够 自然 ,1
一般 不会 不好 不错 交给 从容 光临 免费 升级 反馈 吃饱 处理 宽大 宽阔 就是 已经 干净 很好 提出 提高 明显 更换 最好 最贵 服务 期待 相关 精致 至少 舒服 诚恳 走完 进入 进行 鸟叫 ,1
也经 努力 安排 最大 非常 ,1
不错 位置 告诉 好长 就是 干净 打工 收拾 改进 最大 比较 清洁 表扬 认真 需要 ,1
不错 享受 低于 值得 反复 圆满 服务 比较 消费 督促 确实 纷纷 表扬 解决 遇到 ,1
不通 不错 享受 优惠 停满 入住 即可 提供 服务 根本 没有 疑问请 算了 起来 预订 ,1
免费 入住 刚刚 反馈 喜欢 尊敬 尤其 接送 提供 欣赏 正好 稍远 设有 赶上 ,1
一般 不足 不错 尤其 很好 ,1
一再 居然 提供 提前 没有 点评 申明 补充 要求 预定 ,1
不能 不错 享受 入住 反馈 告知 好吃 尊敬 希望 感到 提交 显得 欠缺 相关 相给 真的 考虑 自助餐 豪华 较晚 还算 退房 选择 酌情 ,1
位置 比较 算高 订到 ,1
上网 不能 不错 也许 位置 免费 入住 可能 就是 接近 服务 比较 满意 特别 略显 稍微 算是 繁华 考虑 非常好 ,1
出于 同样 对待 居然 希望 最好 服务 比较 舒服 难道 非常 ,1
就是 拥堵 进出 非常 ,1
反馈 ,1
位置 可能 备用 直接 还有 非常 非常好 预定 ,1
上选 尤其 已经 方便 没有 知道 ,1
不错 停车 吸引 方便 ,1
位置 停车 宽敞 方便 比较 舒适 ,1
位置 比较 算高 订到 ,1
上网 不能 不错 也许 位置 免费 入住 可能 就是 接近 服务 比较 满意 特别 略显 稍微 算是 繁华 考虑 非常好 ,1
出于 同样 对待 居然 希望 最好 服务 比较 舒服 难道 非常 ,1
就是 拥堵 进出 非常 ,1
位置 可能 备用 直接 还有 非常 非常好 预定 ,1
上选 尤其 已经 方便 没有 知道 ,1
发现 回来 领走 ,1
不错 停车 吸引 方便 ,1
位置 停车 宽敞 方便 比较 舒适 ,1
一般 入住 好像 干净 必答 整洁 有求 服务 点评 补充 ,1
不错 ,1
不错 服务 没有 选择 ,1
入住 开始 忘记 点评 补上 ,1
入住 已经 忘记 点评 立即 补上 重视 ,1
工作 最好 选择 ,1
仍然 工作 干净 整洁 最好 服务 稍旧 表扬 装修 选择 ,1
最好 最高 没有 ,1
亲自 副理 太慢 感动 服务 道歉 非常 ,1
值得 到位 推荐 服务 管理 非常 非常好 ,1
不错 停车 别扭 就是 服务 还有 ,1
不错 丰富 入住 好找 查看 注重 点评 真的 舒服 超赞 ,1
接待 服务 ,1
不收 不送 便宜 只能 打车 方便 最好 比较 清静 远眺 送餐 ,1
方便 非常好 ,1
满意 真是 选择 ,1
一般 像是 出行 可能 居然 当然 提供 方便 比较 要求 设备 退房 ,1
一般 上网 不足 不远 不错 位置 便宜 好在 属于 很快 成熟 服务 没有 特别 ,1
不到 不許 中國 丰富 仍然 加付 原先 吸煙 吸煙者 处理 学习 就是 希望 干净 忍受 成為 房間 抽煙 提升 放进 无烟 服從 沒有 没有 看到 自覺 規則 評論 謝謝 還是 電梯 需要 非常好 ,1
已经 快递 找到 服务 负责 非常 ,1
不错 刻意 就是 没有 要算 选择 预订 ,1
不能 周到 惊扰 改进 服务 未眠 询问 ,1
一般 不错 出去 就是 算是 ,1
不错 介绍 停车 入住 决定 已经 快捷 提着 操作 方便 更好 服务 登记 还有 退房 ,1
不错 便宜 方便 相配 装修 ,1
不久 不错 允许 光临 全新 再次 反馈 实在 建造 提出 施工 明确 服务 正常 表示 诚挚 迎接 选择 非常 首先 ,1
不错 偏高 出入 分离 吃饭 就是 属于 应该 打招呼 还有 适合 ,1
不错 丰富 位置 ,1
不太好 不好 就是 打开 方便 日本人 服务 比较 真的 ,1
一般 接受 比较 觉得 难以 ,1
下楼 不到 不知 不错 作用 停车 入住 再次 加装 原先 原来 可否 复杂 好像 实用 宽敞 应该 接受 改进 方便 比如 没有 熄灯 看来 继续 考虑 舒服 觉得 访客 豪华 负责 ,1
一定 不够 不比 不错 亮起 人像 但愿 停车 停靠 入住 入睡 兼顾 出名 叮当声 吃饭 回应 安排 实用 尝尝 就餐 希望 应该 度假 忠实 打烊 拿到 改进 方便 是否 暗暗 服务 极好 欣赏 没有 没能 浸染 消费 留下 相对 相当于 遇到 靠近 驶过 高速 ,1
不错 入住 处在 常常 挑选 服务 热闹 特别 蛮高 需要 ,1
一般 接受 比较 觉得 难以 ,1
下楼 不到 不知 不错 作用 停车 入住 再次 加装 原先 原来 可否 复杂 好像 实用 宽敞 应该 接受 改进 方便 比如 没有 熄灯 看来 继续 考虑 舒服 觉得 访客 豪华 负责 ,1
一定 不够 不比 不错 亮起 人像 但愿 停车 停靠 入住 入睡 兼顾 出名 叮当声 吃饭 回应 安排 实用 尝尝 就餐 希望 应该 度假 忠实 打烊 拿到 改进 方便 是否 暗暗 服务 极好 欣赏 没有 没能 浸染 消费 留下 相对 相当于 遇到 靠近 驶过 高速 ,1
不错 入住 处在 常常 挑选 服务 热闹 特别 蛮高 需要 ,1
一般 不错 干净 ,1
不好 不错 位置 免费 发霉 导致 提供 极滑 沾水 结露 非常 非常好 ,1
一般 不严 不了 可能 可言 呼呼 如同 尽量 引发 想必 明显 是非 没有 确实 进来 ,1
不能 不该 可能 吵闹 困扰 存在 就是 应该 开始 得很 敲门 方便 有的 服务 ,1
不快 不错 入住 到达 发生 弥补 愉快 服务 ,1
不错 入住 好像 就是 干净 最好 比较 直面 综合 装修 还有 ,1
不爽 不错 便利 入住 出入 发现 可怜 实在 对比 干净 很大 很小 整洁 旅行 比较 简单 紧邻 落差 设备 起来 适合 骄傲 ,1
一定 取境 完璧 归照 收到 服务 来电 离开 退房 非常好 ,1
不能 尽可能 愿意 最高 服务 没有 非常 ,1
合适 服务 ,1
不错 比较 烧烤 确实 自助 ,1
享受 完全 服务 超值 非常好 ,1
不用 免费 干净 延住 舒服 超值 ,1
似乎 入住 应该 很远 打招呼 指示 明显 服务 比起 知道 见到 问好 ,1
不错 入住 尤其 就是 干净 服务 果然 点评 特别 直面 自助 豪华 配套 预定 ,1
不足 入住 分别 告知 实惠 并未 开车 感到 感动 手续 找到 提供 服务 比较 要到 ,1
提前 收取 服务 满足 特别 要求 送到 ,1
一般 上心 不少 不愧 不漏 不错 严实 丰富 似乎 入住 冰过 准备 出去 出来 到达 反馈 发现 只能 听到 启明 告知 告诉 呵呵 哗哗 喜欢 喝粥 回来 处理 好了 导致 尊敬 尽力 居然 希望 应该 度假 忘记 惊讶 想法 拿来 提交 提供 提出 提前 放心 最高 有误 服务 欢迎 比较 没房 泡澡 洗澡 满足 点评 留言 看到 破坏 确认 补充 试试看 豪华 郁闷 随便 需求 预定 ,1
决定 合口 周到 服务 满意 绝对 见到 ,1
不能 尽可能 愿意 最高 服务 没有 非常 ,1
合适 服务 ,1
不错 比较 烧烤 确实 自助 ,1
下回 方便 服务 ,1
不用 免费 干净 延住 舒服 超值 ,1
似乎 入住 应该 很远 打招呼 指示 明显 服务 比起 知道 见到 问好 ,1
不错 入住 尤其 就是 干净 服务 果然 点评 特别 直面 自助 豪华 配套 预定 ,1
不足 入住 分别 告知 实惠 并未 开车 感到 感动 手续 找到 提供 服务 比较 要到 ,1
提前 收取 服务 满足 特别 要求 送到 ,1
一般 上心 不少 不愧 不漏 不错 严实 丰富 似乎 入住 冰过 准备 出去 出来 到达 反馈 发现 只能 听到 启明 告知 告诉 呵呵 哗哗 喜欢 喝粥 回来 处理 好了 导致 尊敬 尽力 居然 希望 应该 度假 忘记 惊讶 想法 拿来 提交 提供 提出 提前 放心 最高 有误 服务 欢迎 比较 没房 泡澡 洗澡 满足 点评 留言 看到 破坏 确认 补充 试试看 豪华 郁闷 随便 需求 预定 ,1
决定 合口 周到 服务 满意 绝对 见到 ,1
不错 偏高 干净 活动 ,1
下回 不错 干净 服务 ,1
不错 入住 服务 ,1
一般 上网 不错 位置 免费 刚好 加班 就是 干净 想想 没有 点评 能够 补充 还算 ,1
入住 大连 选择 ,1
不少 入住 很脏 推荐 考察 豪华 非常 ,1
一般 不错 倒是 却是 可惜 很小 旋转 老是 装修 ,1
一般 不错 偏贵 凑合 刚好 告诉 开始 没有 询问 预订 ,1
不错 实在 打车 接待 方便 ,1
下回 不错 干净 服务 ,1
不错 入住 服务 ,1
不少 入住 很脏 推荐 考察 豪华 非常 ,1
一般 不错 倒是 却是 可惜 很小 旋转 老是 装修 ,1
一般 不错 偏贵 凑合 刚好 告诉 开始 没有 询问 预订 ,1
不错 实在 打车 接待 方便 ,1
划算 没有 ,1
享受 开始 来不及 没有 装修 ,1
不太好 不错 尤其 服务 点名 表扬 ,1
一律 一般 不大 不断 不能 做出 免得 免费 入住 再次 反映 反馈 夸张 就是 差得远 希望 干脆 开通 影响 批示 提出 提升 整改 更多 最多 来讲 注意 看着 知道 确实 碍眼 稍微 竟然 算了 超爽 选择 遇见 ,1
不错 体现 呵呵 当然 摆放 服务 特别 ,1
上网 下班 不错 住下 免费 服务 满意 装修 负责 送机 ,1
丰富 介绍 干净 服务 豪华 非常 ,1
一定 下榻 不错 反馈 已经 希望 接送 提出 支持 改水 改过来 整改 是否 服务 满意 知道 竭诚 选择 ,1
不错 可惜 可能 实惠 方便 比较 起来 ,1
上网 不能 位于 就是 很小 很快 方便 适合 透明 配有 ,1
作用 入睡 反映 常常 没有 起到 ,1
不错 例如 宽敞 改进 相对 ,1
不错 出来 奇怪 方便 点评 补充 预定 ,1
便利 偏低 入住 参加 合适 就是 承认 搞错 服务 算是 预定 ,1
刚好 合适 很大 按摩 有的 正常 比较 软硬 ,1
不想 不错 喜欢 ,1
不断 位置 出差 可见 完善 方便 装修 认为 重视 非常好 ,1
上网 不必 使用 免费 入住 发送 堵车 很快 愉快 担心 排除 方便 极好 还有 ,1
一定 一直 下沉 不大 侃价 充溢 出租 参展 可租 可能 呵呵 喜欢 实惠 应该 打到 打车 提醒 改善 整整 无关 更好 比较 点评 烹炸 煎烤 稍微 自然 舒服 补充 附加 ,1
不错 享受 入住 去处 取去 就是 惬意 方便 最深 比较 浪漫 睡着 算是 自助餐 认为 躺上去 辉映 ,1
上升 不肯 不错 入住 处理 失望 实在 就要 居然 得来 服务 比较 没有 选在 ,1
使用 友善 已经 很好 方便 舒适 装设 起来 选择 配套 非常好 ,1
便宜 就是 方便 服务 舒服 ,1
上网 位置 出门 喜欢 就是 居然 方便 比较 考虑 连接 难道 需要 非常 非常好 ,1
不错 呵呵 希望 方便 非常 ,1
位置 就是 干净 整洁 缺少 遗憾 ,1
一般 位置 合适 比较 自助游 ,1
作为 免费 升级 怡好 相比 进步 鼓励 ,1
不错 管理 ,1
不错 保养 服务 送餐 非常好 ,1
不能 不配 保留 入住 取消 只能 回事 回答 居然 干脆 授权 接到 方便 有没有 注意 简直 负责 随意 预定 ,1
一般 位置 保持 入住 发车 取用 吃饭 听到 就是 建于 找到 提前 新换 日出 早起 最爱 服务 满意 直达 看到 确实 肯定 自觉 适量 ,1
了住 满意 略显 选择 ,1
不错 大连 搞错 ,1
冷淡 准备 原来 听说 就是 广泛 效果差 点评 知道 确实 选择 ,1
了解 享受到 从事 优秀 位于 充满 入住 关注 典雅 周到 喧闹 希望 带给 惬意 感到 感谢 推开 明亮 更多 服务 来到 来自 没有 漂亮 特别 看过 真切 真是 真正 美好 舒适 觉得 解决困难 认识 试试看 迎面 送上 需求 面对 高高 ,1
一般 不错 入住 实在 导致 就是 干净 放水 服务 没有 清理 漂浮 看到 自助餐 达到 还有 选择 ,1
打开 看见 装修 记得 豪华 重新 非常好 ,1
不出 不用 不错 丰富 作为 入住 受欢迎 喜爱 就是 推荐 旅游 欣赏 深受 添加 点心 特别 相对 确实 简单 解决 较佳 选择 ,1
不错 交涉 优美 值得 停止 入住 再次 差一点 干净 施工 点评 确实 稍微 维护 补充 表示歉意 适中 道歉 非常好 ,1
不大 不太好 周到 喜欢 就是 度假 很好 很美 服务 比较 看到 设置 遇到 邻居 ,1
不错 入住 出门 周到 大概 打车 挺大 服务 独立 ,1
一般 位置 保持 入住 发车 取用 吃饭 听到 就是 建于 找到 提前 新换 日出 早起 最爱 服务 满意 直达 看到 确实 肯定 自觉 适量 ,1
了住 满意 略显 选择 ,1
不错 最好 非常好 ,1
冷淡 准备 原来 听说 就是 广泛 效果差 点评 知道 确实 选择 ,1
了解 享受到 从事 优秀 位于 充满 入住 关注 典雅 周到 喧闹 希望 带给 惬意 感到 感谢 推开 明亮 更多 服务 来到 来自 没有 漂亮 特别 看过 真切 真是 真正 美好 舒适 觉得 解决困难 认识 试试看 迎面 送上 需求 面对 高高 ,1
一般 不错 入住 实在 导致 就是 干净 放水 服务 没有 清理 漂浮 看到 自助餐 达到 还有 选择 ,1
打开 看见 装修 记得 豪华 重新 非常好 ,1
不出 不用 不错 丰富 作为 入住 受欢迎 喜爱 就是 推荐 旅游 欣赏 深受 添加 点心 特别 相对 确实 简单 解决 较佳 选择 ,1
不错 交涉 优美 值得 停止 入住 再次 差一点 干净 施工 点评 确实 稍微 维护 补充 表示歉意 适中 道歉 非常好 ,1
不大 不太好 周到 喜欢 就是 度假 很好 很美 服务 比较 看到 设置 遇到 邻居 ,1
不错 入住 出门 周到 大概 打车 挺大 服务 独立 ,1
不够 丰富 享受 作为 充分 很好 很新 ,1
一般 似乎 比较 满意 设计 非常 ,1
下车 不同 不想 不错 估计 便宜 到达 受到 吃饭 吝啬 告知 喝茶 妖艳 希望 帮送 开放 打扮 服务 比较 没人 游泳 猜错 看到 舒服 装修 说话 进口 郁闷 难道 ,1
不够 丰富 享受 作为 充分 很好 很新 ,1
一般 似乎 比较 满意 设计 非常 ,1
不错 居然 打扫 ,1
方便 服务 舒适 ,1
方便 服务 舒适 ,1
不住 再也 很大 忍忍 或许 服务 ,1
不错 应该 满意 ,1
下雨 不错 停车 刚好 就是 惬意 拉开 方便 最深 碰到 ,1
吸引 希望 更换 长途 ,1
不了 位置 堵车 就是 方便 ,1
下回 方便 服务 ,1
不错 丰盛 兜去 兜来 到处 喜欢 坐车 接客 方便 最好 耽误时间 非常 ,1
不远 免费送 出钱 吝啬 好像 就是 比较 没要 洗澡 热闹 装修 起来 ,1
不足 位置 反应 好像 就是 比较 看到 真实 迟钝 非常好 ,1
位置 就是 自助 ,1
一般 不知 优越 保养 入住 投入 日常 明显 曾经 有静 服务 比较 看得出 破败 经营 维护 舍得 辉煌 选择 ,1
上订 入住 写订 可惜 处理 好吃 实惠 实际上 希望 应该 开心 忘记 改善 方便 旅行 最好 朴实 没有 游览 登记 着想 答复 给予 给到 舒服 要求 选择 需要 ,1
上网 不符 不能 不错 同去 吵闹 抱怨 相当 隔离 非常 ,1
一大 不到 应该 最好 毕竟 算是 重取 ,1
不错 值得 充电 听到 回答 就是 很美 或许 推荐 改进 有待 服务 没有 看到 真是 突出 ,1
优雅 位置 入住 呵呵 干净 手续 接待 比较 没有 清新 离住 非常好 ,1
入住 大连 选择 ,1
一再 不夠 不等 中國 也許 他們 以後 似乎 停電 入住 再說 及時 取暖 問題 因為 培訓 完全 寒磣 專業 尤其 就是 平心而論 建議 心態 惡劣 感動 感覺 感覺到 應該 我們 房間 拉開 挑剔 提出來 時候 最好 有點 服務 服務員 標準 比擬 沒有 沙發 理解 環境 當然 發電 發電機 碰到 確實 禮儀 窗簾 經過 緊張 聽說 舒服 衛生 衡量 裝修 親切 設施 調試 豪華 跑到 過於 還是 重新 關係 電力 面積 顧客 風景 ,1
可惜 居然 忘记 服务 满分 继续 ,1
不错 可惜 好吃 好好 开车 最好 没有 舒服 装修 觉得 ,1
不错 方便 服务 ,1
不错 很大 算是 ,1
不爽 不错 出行 安排 实在 就是 并列 感受到 方便 旅游 比较 没有 组成 设备 较大 还有 ,1
不错 免费 刚刚 只能 好像 好吃 宣传 属于 很贵 想到 按摩 服务 欢迎 比较 点评 相比 看到 真是 肯定 补充 觉得 记不 豪华 赠送 达到 选择 ,1
不错 位置 出行 刚好 就是 工作 应该 方便 来讲 比较 相当 罢工 考虑 赶上 选择 ,1
不爽 倒是 分到 只能 同去 坏掉 完全 挺快 满意 积极 至少 落水 ,1
一般 不符 估计 同样 实在 很大 感动 放在 服务 真是 竟然 豪华 退房 ,1
划算 没有 ,1
不错 很大 挺贵 调整 ,1
其实 喜欢 就是 悦华 服务 装修 ,1
其实 就是 服务 装修 讲究 ,1
可能 干净 摆放 清爽 舒适 ,1
不错 入住 称赞 超值 ,1
不错 入住 很快 方便 退房 ,1
不错 划算 坐到 大约 整洁 更是 服务 舒服 ,1
不足 不错 导致 带够 最高 舒心 输错 ,1
不错 很大 挺贵 调整 ,1
其实 喜欢 就是 悦华 服务 装修 ,1
不够 不错 干净 很远 整洁 方便 服务 没有 要定 超市 ,1
不错 例如 宽敞 改进 相对 ,1
其实 就是 服务 装修 讲究 ,1
可能 干净 摆放 清爽 舒适 ,1
不错 入住 称赞 超值 ,1
不错 入住 很快 方便 退房 ,1
不错 划算 坐到 大约 整洁 更是 服务 舒服 ,1
不足 不错 导致 带够 最高 舒心 输错 ,1
不错 合理 干净 ,1
上锁 不够 不能 不错 存在 安全 已经 开启 没有 确实 舒服 较大 较慢 进入 非常 ,1
不错 干净 很雅 肯定 还定 ,1
得多 看来 ,1
便宜 就是 方便 服务 舒服 ,1
不错 合理 干净 ,1
上锁 不够 不能 不错 存在 安全 已经 开启 没有 确实 舒服 较大 较慢 进入 非常 ,1
不错 干净 很雅 肯定 还定 ,1
得多 看来 ,1
作为 出差 方便 服务 选择 预定 ,1
一早 例给 做出 光临 再次 到位 反馈 回复 培训 处理 大概 好像 尊敬 工作 度假 得很 惊讶 感动 打扫 提供 支持 是以 服务 没有 温暖 生动 立即 被评 负责 远不如 送来 遇到 非常 顺利 ,1
服务 ,1
一般 值得 合理 推荐 服务 比较 相当 ,1
一般 不会 不幸 不理 不错 倒是 偶尔 免提 免费 入住 其实 准确 几乎 出差 发现 只顾 可能 听到 回来 好了 安全 完全 容忍 就是 希望 带走 干净 开始 当然 得到 怕怕 意外 感冒 感动 慰问 打不 拨入 挺好 挺好吃 接待 掰断 提个醒 摔倒 放在 放置 整整 方便 晕倒 最深 服务 查房 比如 没有 清洗 点评 烦躁 照顾 特别 直接 看起来 真实 真的 知道 竟然 紧张 考虑 能否 能够 衡量 认为 超过 还有 进去 进来 退房 郁闷 长脸 频繁 骄傲 ,1
一早 不让 不错 临走 停车 出门 剔除 合作 回不去 回去 回来 实在 对比 帮忙 很小 感谢 扔掉 拿走 推荐 更是 有损 服务 比较 没收 没有 点评 特意 竟然 聊上 高速 ,1
不错 大连 搞错 ,1
一定 一早 一般 丢在 入住 出差 发现 回来 感动 感谢 掏钱 查询 没有 直到 确实 难得 ,1
下调 不错 入住 居然 知道 紧促 舒服 ,1
不错 料理 牵强 的确 称作 还有 ,1
丰盛 优雅 入住 可惜 服务 相当 绝对 选择 ,1
不错 丰富 为主 ,1
一般 优雅 入住 出差 卫生 发现 可住 整洁 是否 检查 残留 没有 确实 需要 ,1
停车 奇怪 应该 ,1
一般 不错 便宜 到达 号称 已经 干净 很大 据说 提前 没有 考虑 要求 计较 订好 ,1
不错 为主 免费 可能 好像 应该 很值 很快 推荐 改造 点评 知道 结束 自助 补充 试试 还有 适合 ,1
不错 丰富 为主 ,1
不错 最好 非常好 ,1
一般 优雅 入住 出差 卫生 发现 可住 整洁 是否 检查 残留 没有 确实 需要 ,1
停车 奇怪 应该 ,1
一般 不错 便宜 到达 号称 已经 干净 很大 据说 提前 没有 考虑 要求 计较 订好 ,1
不错 为主 免费 可能 好像 应该 很值 很快 推荐 改造 点评 知道 结束 自助 补充 试试 还有 适合 ,1
不好 不错 亟待 亲切 值得 停水 入住 完美 就是 尴尬 很快 惬意 推荐 提高 方便 服务 比较 比邻 直接 真的 答复 给予 维修 询问 走上 赶上 起来 还有 ,1
一般 位于 位置 入住 再次 得出 服务 进门 ,1
周到 尤其 服务 ,1
不多 不小 不错 位置 服务 考虑 还好 ,1
下车 不远 不错 位置 卫生 告知 就是 帮忙 提前 服务 正常 比较 需要 非常好 预留 ,1
下班 不好 不能 早睡 ,1
下车 不同 不想 不错 估计 便宜 到达 受到 吃饭 吝啬 告知 喝茶 妖艳 希望 帮送 开放 打扮 服务 比较 没人 游泳 猜错 看到 舒服 装修 说话 进口 郁闷 难道 ,1
一直 不小 不足 不错 入住 出来 就是 已经 并不大 开车 很快 得到 得很 惊喜 换到 服务 没有 烧烤 留好 疑惑 看不到 看到 稍差 穿过 精致 著名 记住 赠送 还有 预订 ,1
不错 加上 危险 只能 告知 围挡 感到 掉下 更好 服务 玩耍 舒服 行走 要求 预定 ,1
方便 服务 非常好 ,1
吃饭 很偏 方便 服务 非常好 ,1
免费 拍摄 据说 摆在 比较 编写 赠送 还有 ,1
先进 堪称 少有 接受 特别 豪华 ,1
从来 周到 服务 没有 特别 ,1
不好 不错 入住 出来 呵呵 容易 很好 打车 满意 紧靠 走出 还有 ,1
不错 就是 真的 ,1
休闲 出去 可惜 幽静 度假 开车 方便 比较 自驾 适合 ,1
方便 服务 比较 ,1
一定 一直 不错 尤其 就是 很大 清澈 满意 盛开 确实 舒服 走上 还有 非常 ,1
不错 加上 危险 只能 告知 围挡 感到 掉下 更好 服务 玩耍 舒服 行走 要求 预定 ,1
方便 服务 非常好 ,1
吃饭 很偏 方便 服务 非常好 ,1
免费 拍摄 据说 摆在 比较 编写 赠送 还有 ,1
先进 堪称 少有 接受 特别 豪华 ,1
从来 周到 服务 没有 特别 ,1
不好 不错 入住 出来 呵呵 容易 很好 打车 满意 紧靠 走出 还有 ,1
不错 就是 真的 ,1
休闲 出去 可惜 幽静 度假 开车 方便 比较 自驾 适合 ,1
入住 准备 务必 发现 名叫 妥善处理 已经 手续 没有 注意 注明 特意 通知 预先 ,1
一定 一直 不错 尤其 就是 很大 清澈 满意 盛开 确实 舒服 走上 还有 非常 ,1
不错 入住 考虑 ,1
不用 入住 打到 方便 是否 看到 退房 随时 需要 预定 ,1
一般 不得不 不用 不能 不错 也许 倒是 就是 归航 打渔 打车 日出 服务 点评 真诚 缺乏 自助 补充 ,1
不写 不错 入住 服务 没有 ,1
不错 干净 很厚 服务 松软 满意 非常 ,1
不错 入住 考虑 ,1
不用 入住 打到 方便 是否 看到 退房 随时 需要 预定 ,1
一般 不得不 不用 不能 不错 也许 倒是 就是 归航 打渔 打车 日出 服务 点评 真诚 缺乏 自助 补充 ,1
不写 不错 入住 服务 没有 ,1
出差 打车 方便 服务 比较 超市 ,1
不错 干净 很厚 服务 松软 满意 非常 ,1
服务 细致 ,1
位置 入住 到位 呵呵 存放 就是 服务 离开 还好 ,1
不能 不错 只能 吃饭 已经 干净 接水 撑开 整洁 方便 满意 看到 蛮好 调节 豪华 还有 进去 ,1
不错 方便 服务 比较 ,1
一般 不了 不错 看到 豪华 非常 ,1
一定 入住 工作 很快 感谢 真的 紧张 赶上 通知 遗忘 ,1
入住 已经 方便 超市 ,1
不快 不错 发现 好像 开关 抹杀 无知 没有 洗澡 爆慢 真不 真爽 竟然 跳闸 ,1
凉快 没有 ,1
服务 比较 ,1
便利 到位 培训 就是 居然 开封 想到 服务 果然 没有 繁华 ,1
很脏 服务 非常好 ,1
凉快 没有 ,1
便利 到位 培训 就是 居然 开封 想到 服务 果然 没有 繁华 ,1
很脏 服务 非常好 ,1
一般 不到 不错 发现 就是 巡逻 推荐 提醒 方便 旅游 比较 没关 略显 非常 ,1
实在 希望 改进 ,1
不了 不错 吃饭 告诉 就是 居然 干净 开车 方便 比较 没有 简直 自驾 说起 还有 ,1
一般 不错 ,1
不错 前住 喜歡 服務 沒泡 洗澡 溫泉 空調 超前 遺憾 ,1
上网 反馈 大连 完成 尽快 工作 已经 希望 干净 应该 很大 很快 支持 改进 改造 整修 服务 装修 较大 选择 透进 ,1
一直 不错 体现 值得 做成 免费 出来 取消 培训 导致 就是 度假 成功 授权 推荐 撤销 是从 服务 毕竟 没有 消费 相比 稍嫌 表现 进门 远眺 马上 ,1
作为 干净 整洁 ,1
一般 不错 大佛 开穿 看见 远眺 ,1
入住 即可 召开 吃到 打车 方便 有名 靠近 ,1
不够 不错 友好 对得起 就是 很大 敲诈 最好 ,1
也许 剥落 同意 呵呵 大佛 很大 服务 比较 看到 舒服 还有 ,1
不太好 不错 入住 出水 均匀 宽敞 提前 整齐 方便 服务 比较 洗澡 笼头 耽误时间 舒服 靠近 ,1
不错 就是 首选 ,1
不错 变成 就是 常驻 ,1
干净 比较 良好 ,1
不对 指示 非常 麻烦 ,1
一时 不会 不到 不用 保留 入住 喜好 回顾 增加 安排 尊重 就是 居然 应不应该 弯腰 当然 投诉 收拾 标配 欣慰 比较 没有 点评 的次 相应 知道 管理 终于 至少 豪华 预先 预定 首先 ,1
不好 不错 停车 免费 应该 极贵 满意 特别 降低 ,1
不错 入住 方便 正好 考虑 ,1
位置 入住 舒服 ,1
不错 喜欢 指定 ,1
一般 不错 喜欢 尤其 服务 见不着 ,1
不错 入住 出差 吃饭 方便 ,1
不大 不错 免费 入住 典雅 发现 听说 干净 推荐 日本人 有点像 服务 没有 看见 精致 糟糕 舒服 豪华 选择 ,1
上班 也许 位置 入住 吵得 干净 摆设 服务 没有 漂亮 睡着 确认 舒服 装修 评述 豪华 还好 进展 非常好 ,1
不错 微笑 服务 比较 碰到 见到 问好 非常 ,1
不错 位置 取消 告诉 培训 找到 有待 知道 还过得去 预订 ,1
一致 不错 优化 使用 升级 反馈 受到 大连 好评 帮助 推广 活动 满意 舒服 良好 认可 进一步 适合 需要 非常 ,1
不错 到位 干净 很快 授权 收钱 有的 服务 比较 没有 看着 ,1
不算 不远 品尝 喜欢 方便 睡觉 购买 ,1
不好 不足 不错 属于 希望 干活 很大 排档 改进 服务 ,1
一般 方便 服务 比较 适中 ,1
一般 不太好 卫生 服务 ,1
不敢 看到 ,1
不好 不能 不错 太大 希望 想要 抱有 服务 没有 清理 真的 确实 装修 要求 过于 进行 ,1
出门 可买 大约 就是 比较 装修 ,1
不错 开阔 有重 相当 装修 ,1
位置 完善 就是 服务 比较 较好 ,1
优惠 免费 入住 全新 升级 反馈 喜欢 回馈 大连 希望 意外 推出 支持 活动 满意 豪华 ,1
推荐 装修 豪华 ,1
不了 不好 不错 位置 值得 具有 冷淡 好在 就是 干净 并不大 快活 推荐 比较 直白 繁华 舒服 装修 觉得 ,1
不错 作为 只能 完全 实在 居然 应该 比较 没有 满意 看到 竟然 算是 自驾 贴心 醒目 ,1
入住 反馈 实惠 希望 ,1
入住 再次 反馈 实惠 欢迎 ,1
一般 不到 不好 不错 了解 其实 反馈 存在 对此 就是 打扰 摆设 支持 最好 服务 格外 没有 热醒 照顾 看到 经常 觉得 豪华 预定 ,1
一般 反馈 应该 很好 现已 知道 装修 重新 ,1
不能 只能 就是 干净 方便 服务 直接 需要 ,1
不错 值得 方便 服务 非常 ,1
不敢 不知 不错 使用 反馈 可爱 喜爱 安装 尤其 展开 已经 广大 庞大 开始 投入 方便 普遍 更好 服务 标示 正式 比较 没有 深受 满意 烘干 熟练 生意 电控 相信 相当 结束 装修 非常 ,1
一直 不大 不错 专卖 出差 升级 干净 没有 满意 知道 豪华 预定 ,1
一般 上网 对得起 比较 超值 麻烦 ,1
不错 合理 应该 排到 比起 配置 ,1
不快 不错 予以 体现 例如 做好 免费 入住 共同 再次 升级 反馈 可能 告诉 宽敞 干净 弄得 拨打 推荐 提前准备 提议 整洁 有没有 服务 查看 比较 没有 清凉 满意 点评 猜想 直接 终究 要求 认可 询问 谢绝 豪华 貌似 还有 选择 预定 预订 ,1
不错 丰富 享受 休息 光临 入住 再次 反馈 大块头 好好 更多 服务 期待 来得及 比较 没有 点评 看到 紧张 给予 重视 ,1
光临 再次 反馈 工作 期待 生活 留言 认可 选择 ,1
不错 光临 再次 反馈 宽敞 尽量 工作 愉快 提出 提高 期待 比较 生活 研究 简化 繁锁 认可 ,1
不错 予以 光临 入住 再次 决定 即往 反馈 干净 微笑 服务 期待 认可 选择 ,1
不错 予以 使用 停车 光临 入住 再次 反馈 就是 工作 愉快 有没有 有限 服务 期待 比较 生活 知道 能供 自助餐 认可 选择 非常 顺利 ,1
不错 值得 光临 再次 反馈 应该 推荐 服务 期待 比较 算是 认可 ,1
不错 丰富 睡觉 自助餐 较大 ,1
不错 予以 光临 入住 再次 升级 反馈 售完 服务 期待 热切 经常 认可 豪华 ,1
不错 优越 入住 出家 反馈 工作 愿意 成为 服务 欢迎 经常 认可 还有 非常 顺利 ,1
光临 入住 再次 出来 反馈 工作 希望 开心 感受到 提出 摔了一跤 改进 期待 洗澡 点评 看到 研究 选择 顺利 ,1
位置 可能 比较 ,1
不能 停车 入住 方便 正门 比较 直接 要出 进入 首选 ,1
不错 据说 试试 ,1
不足 不错 显然 横向 比较 ,1
不错 合适 开始 比较 特别 调到 ,1
不好 保留 愿意 拿到 提供 比较 没有 确实 让利 起来 ,1
不错 呵呵 没住 认为 ,1
不可以 不足 不错 就是 延期 必须 找到 旅游 正是 比较 继续 退房 ,1
不好 入住 协调 单独 极其 比较 没有 考虑 ,1
位置 可能 比较 ,1
不能 停车 入住 方便 正门 比较 直接 要出 进入 首选 ,1
不错 据说 试试 ,1
不足 不错 显然 横向 比较 ,1
不错 合适 开始 比较 特别 调到 ,1
不好 保留 愿意 拿到 提供 比较 没有 确实 让利 起来 ,1
不错 呵呵 没住 认为 ,1
不好 入住 协调 单独 极其 比较 没有 考虑 ,1
不错 入住 只好 可能 愉快 推荐 搞错 新来 没有 淋坏 确实 确认 ,1
不错 只能 奢侈 打车 拖延 旅行 服务 来讲 没有 确认 自助 通知 ,1
不错 出行 方便 无意 觉得 预定 ,1
不满 呵呵 实惠 比较 没有 特别 ,1
不能 不错 介绍 划算 只能 失望 安排 就是 尽量 有的 直接 确认 要求 超过 非常 预定 预订 ,1
整洁 明亮 服务 比较 舒适 良好 ,1
不错 干净 最好 真的 选择 需要 ,1
一般 位置 挺远 舒服 选择 ,1
尝试 希望 ,1
位置 尝试 ,1
不变 不错 入住 卫生 周到 尤其 干净 提出 携带 有大 服务 看到 真是 肯定 超值 选择 ,1
卫生 显得 还好 ,1
不错 可惜 干净 方便 最大 比较 注意 清醒 看看 觉得 非常 ,1
尝试 希望 ,1
位置 尝试 ,1
不变 不错 入住 卫生 周到 尤其 干净 提出 携带 有大 服务 看到 真是 肯定 超值 选择 ,1
不错 可惜 干净 方便 最大 比较 注意 清醒 看看 觉得 非常 ,1
一般 便宜 就是 起来 ,1
也许 升级 实在 很好 得知 无愧于 更换 曾经 服务 满意 看到 装修 重新 ,1
不够 应该 很大 最好 来讲 没有 遗憾 ,1
一般 ,1
不到 不错 位于 单独 听说 应该 成为 方便 服务 来讲 比较 没有 非常 ,1
不少 繁华 较大 适中 ,1
不会 做饭 入住 吐出来 奇怪 安排 实在 快要 把握 换到 没有 真是 肯定 要求 说明 还有 重视 非常 ,1
一定 免费 升级 受到 听说 告诉 好看 安排 接待 更好 特别 看到 觉得 还有 进入 重要 非常 预订 ,1
不错 接收 方便 稍微 超市 选择 ,1
不错 回来 据说 最好 服务 比较 维护 设备 ,1
一般 便宜 就是 起来 ,1
也许 升级 实在 很好 得知 无愧于 更换 曾经 服务 满意 看到 装修 重新 ,1
不够 应该 很大 最好 来讲 没有 遗憾 ,1
一般 ,1
不到 不错 位于 单独 听说 应该 成为 方便 服务 来讲 比较 没有 非常 ,1
不会 做饭 入住 吐出来 奇怪 安排 实在 快要 把握 换到 没有 真是 肯定 要求 说明 还有 重视 非常 ,1
上网 不能 打车 方便 看到 ,1
一定 免费 升级 受到 听说 告诉 好看 安排 接待 更好 特别 看到 觉得 还有 进入 重要 非常 预订 ,1
不错 接收 方便 稍微 超市 选择 ,1
不错 回来 据说 最好 服务 比较 维护 设备 ,1
发现 没有 还好 进来 造成 ,1
一般 就是 服务 比较 ,1
不错 位置 入住 ,1
一般 没有 离开 ,1
出差 方便 比较 熟悉 相对 经常 还有 ,1
估计 便宜 匹配 压抑 呵呵 就是 提供 比较 没有 简陋 缺少 舒服 豪华 ,1
不错 很棒 服务 比较 看上去 算是 ,1
不错 实惠 很大 ,1
不好 不错 决定 卫生 友好 在意 大连 尤其 就是 很快 得到 打扫 日本人 服务 比较 满意 点评 直达 看到 补充 解决 讨厌 选择 重要 ,1
不到 不好 勉强 处在 应该 ,1
不到 便宜 入住 只能 感想 最多 ,1
不错 位置 带上 比较 泡澡 ,1
很快 搞定 服务 比较 ,1
不好 便利 就是 应该 解决 达车 需要 ,1
实在 尤其 改进 有待 服务 装修 ,1
影响 得很 比较 清楚 睡觉 说话 进出 ,1
不做 健身 出差 喜欢 方便 比较 没有 满意 特别 ,1
,1
不错 优雅 接待 服务 装修 ,1
一般 下楼 不大 不足 冲洗 只敢 回来 垂下来 大便 好像 干净 应该 很大 得到 才能 打不开 按摩 方便 最深 满意 烧来 碰到 竟然 答复 细致 舒服 赶紧 进入 非常 非得 ,1
应该 ,1
不错 吃饭 回应 方便 服务 要求 ,1
觉得 ,1
周到 快捷 服务 细致 送餐 非常 ,1
不断 不错 予以 入住 反馈 提供 提出 提高 改善 改进 更加 服务 着想 考虑 设置 进行 ,1
不可以 不满 光临 入住 再次 反馈 安排 录入 期待 比较 沟通 满意 直接 表示歉意 要求 造成 遗憾 首先 ,1
下榻 不到 不断 再次 升级 反馈 完毕 就是 已经 希望 提高 改造 继续 装修 运营 进行 逐层 ,1
估计 好了 就餐 真的 ,1
不错 实惠 就是 ,1
便于 免费 入座 反映 宽敞 延长 引导 很快 惊喜 想法 感动 打车 提醒 搞定 收看 方便 服务 查找 没住 清凉 清理 登记 离开 设有 试试看 轮渡 较晚 还有 进行 退房 送上 送至 随时 ,1
一直 不错 位置 升级 大连 希望 比较 翻新 装修 设备 进行 靠近 ,1
一定 不错 了了 便利 免费 入住 升到 升级 呵呵 好像 就是 很好 打理 没有 热闹 申请 看电视 表扬 见到 觉得 记住 超大 超好 退房 遗憾 随口 非常 非常好 靠在 马上 ,1
不耐烦 不错 丰富 例如 便利 可能 周到 喜欢 妥贴 宽敞 年轻 开关 得很 打车 控制 改进 方便 明显 服务 比较 温暖 生意 用过 舒服 轮渡 还好 非常 ,1
入住 整洁 服务 略显 ,1
一定 不错 双早 喜欢 宽敞 干净 方便 服务 舒适 起步 轮渡 还有 非常 ,1
不远 不错 微笑 方便 服务 相当 真诚 ,1
不错 丰富 判断 应该 挂牌 比较 重要 ,1
服务 装修 ,1
不错 丰富 值得 服务 满意 ,1
便于 免费 入座 反映 宽敞 延长 引导 很快 惊喜 想法 感动 打车 提醒 搞定 收看 方便 服务 查找 没住 清凉 清理 登记 离开 设有 试试看 轮渡 较晚 还有 进行 退房 送上 送至 随时 ,1
一定 不错 了了 便利 免费 入住 升到 升级 呵呵 好像 就是 很好 打理 没有 热闹 申请 看电视 表扬 见到 觉得 记住 超大 超好 退房 遗憾 随口 非常 非常好 靠在 马上 ,1
一般 倒是 有如 服务 没有 经营 ,1
不耐烦 不错 丰富 例如 便利 可能 周到 喜欢 妥贴 宽敞 年轻 开关 得很 打车 控制 改进 方便 明显 服务 比较 温暖 生意 用过 舒服 轮渡 还好 非常 ,1
入住 整洁 服务 略显 ,1
一定 不错 双早 喜欢 宽敞 干净 方便 服务 舒适 起步 轮渡 还有 非常 ,1
不远 不错 微笑 方便 服务 相当 真诚 ,1
不错 丰富 判断 应该 挂牌 比较 重要 ,1
服务 装修 ,1
不错 丰富 值得 服务 满意 ,1
一次性 原来 希望 提供 没有 继续 ,1
不远 不错 实惠 方便 服务 比较 ,1
一定 不让 便利 保管 即可 可能 好吃 差别 幸好 拔掉 最新 有密 永久 用来 盗走 装修 要用 进行 配有 配置 ,1
不错 便宜 入住 更加 继续 ,1
不错 位置 配有 ,1
不错 就是 装修 ,1
一般 不畅 不远 不错 便利 比较 粗糙 装修 超市 高速 ,1
不太好 位置 合理 比较 满意 特别 知道 ,1
不大 ,1
上网 不会 不知 不足 不错 仔细 保护 值得 入住 共有 其实 再三 冷静 出现 分别 加快 加油 包括 发现 发癫 只好 吵架 咨询 回来 处理 好像 好在 存在 完全 完毕 导致 尤其 就是 居然 希望 帮忙 开到 开始 当然 打车 报错 招待 接受 接待 推荐 提前 提示 提过 提醒 改进 方便 无视 明显 是否 服务 比较 直冲 看下 看来 看看 知道 统计 耽误 要求 计算 设备 说话 购大 赶回 转帐 送达 遇到 频繁 ,1
上网 不错 免费 ,1
服务 ,1
一般 希望 改进 服务 相当 相符 进一步 ,1
位于 值得 出来 吃饭 宽敞 尤其 提示 方便 服务 热闹 觉得 贴心 送来 选择 逛街 配有 非常 ,1
不错 位置 入住 再次 很大 方便 考虑 重要 ,1
不到 不少 位置 使用 出去 出来 升为 对得起 工作 引导 服务 正好 比较 没有 点评 留下 稍微 至少 补充 非常 非常好 ,1
不错 丰盛 很大 服务 ,1
上网 不错 推荐 欣赏 比较 相当 简单 至少 进行 非常好 ,1
一定 上网 免费 却是 坚持 奢华 宽敞 就是 开灯 很快 接待 有着 服务 破烂 绝对 舒服 装修 退房 送到 非常 ,1
上网 不会 不知 不足 不错 仔细 保护 值得 入住 共有 其实 再三 冷静 出现 分别 加快 加油 包括 发现 发癫 只好 吵架 咨询 回来 处理 好像 好在 存在 完全 完毕 导致 尤其 就是 居然 希望 帮忙 开到 开始 当然 打车 报错 招待 接受 接待 推荐 提前 提示 提过 提醒 改进 方便 无视 明显 是否 服务 比较 直冲 看下 看来 看看 知道 统计 耽误 要求 计算 设备 说话 购大 赶回 转帐 送达 遇到 频繁 ,1
上网 不错 免费 ,1
服务 ,1
一般 希望 改进 服务 相当 相符 进一步 ,1
位于 值得 出来 吃饭 宽敞 尤其 提示 方便 服务 热闹 觉得 贴心 送来 选择 逛街 配有 非常 ,1
不到 不少 位置 使用 出去 出来 升为 对得起 工作 引导 服务 正好 比较 没有 点评 留下 稍微 至少 补充 非常 非常好 ,1
倒是 免费 升级 听说 显得 比较 没有 经常 豪华 较大 遇到 ,1
不错 丰盛 很大 服务 ,1
上网 不错 推荐 欣赏 比较 相当 简单 至少 进行 非常好 ,1
一定 上网 免费 却是 坚持 奢华 宽敞 就是 开灯 很快 接待 有着 服务 破烂 绝对 舒服 装修 退房 送到 非常 ,1
不会 不太好 不好 不小 估计 就是 很大 才能 等到 调节 ,1
不错 好像 记得 ,1
倒是 入住 勤快 可惜 就是 帮忙 开车 服务 比较 特别 知道 表扬 ,1
不错 位置 入住 出行 应该 方便 非常 ,1
入住 反馈 接待 提供 服务 欢迎 漏送 看到 获赠 补送 表示 赠送 造成 预订 首先 ,1
有的 满意 简单 ,1
干净 很快 整洁 服务 退房 ,1
一直 不错 位置 升级 大连 希望 比较 翻新 装修 设备 进行 靠近 ,1
不错 挺好吃 方便 还有 ,1
不到 不足 吸引 实惠 就是 应该 据说 比较 豪华 非常好 ,1
不会 不太好 不好 不小 估计 就是 很大 才能 等到 调节 ,1
不错 好像 记得 ,1
倒是 入住 勤快 可惜 就是 帮忙 开车 服务 比较 特别 知道 表扬 ,1
不错 位置 入住 出行 应该 方便 非常 ,1
入住 反馈 接待 提供 服务 欢迎 漏送 看到 获赠 补送 表示 赠送 造成 预订 首先 ,1
有的 满意 简单 ,1
干净 很快 整洁 服务 退房 ,1
不错 挺好吃 方便 还有 ,1
一般 倒是 有如 服务 没有 经营 ,1
不到 不足 吸引 实惠 就是 应该 据说 比较 豪华 非常好 ,1
不错 亲切 优惠 回来 大约 徒步 打车 正好 真是 赶上 非常 ,1
不错 亲切 优惠 回来 大约 徒步 打车 正好 真是 赶上 非常 ,1
不好 不错 入住 其实 吃饭 合适 寒碜 就是 应该 愿意 打车 方便 服务 比较 没有 觉得 起步 ,1
便利 尚可 就是 提供 比较 ,1
,1
不在 出差 比较 还好 ,1
付账 好在 方便 比较 点评 补充 ,1
比较 缺少 还好 非常好 ,1
不会 付账 很大 方便 点评 补充 ,1
不错 便宜 入住 更加 继续 ,1
不错 好像 忘带 挺快 服务 ,1
入住 加强 反馈 吸烟 处理 已经 开始 得到 找到 敬请 无烟 没有 特别 紧张 继续 谅解 重视 需求 预订 ,1
位置 入住 处理 已经 强调 得到 打败 换成 无烟 点名 真真 知道 确认 试探 非常 预定 ,1
好像 据说 最贵 还好 ,1
可能 比较 突出 ,1
方便 满意 ,1
改善 没房 还有 需要 ,1
出去 适合 ,1
一定 上写 不行 不错 不靠 休闲 免费 入住 有名 没有 满意 相当 看到 装修 还有 非常 ,1
估计 实在 才能 打开 比较 ,1
一般 上网 不错 位置 免费 刚好 加班 就是 干净 想想 没有 点评 能够 补充 还算 ,1
不错 位置 入住 再次 很大 方便 考虑 重要 ,1
入住 加强 反馈 吸烟 处理 已经 开始 得到 找到 敬请 无烟 没有 特别 紧张 继续 谅解 重视 需求 预订 ,1
位置 入住 处理 已经 强调 得到 打败 换成 无烟 点名 真真 知道 确认 试探 非常 预定 ,1
好像 据说 最贵 还好 ,1
可能 比较 突出 ,1
方便 满意 ,1
改善 没房 还有 需要 ,1
出去 适合 ,1
一定 上写 不行 不错 不靠 休闲 免费 入住 有名 没有 满意 相当 看到 装修 还有 非常 ,1
估计 实在 才能 打开 比较 ,1
一般 便宜 决定 加上 发现 可能 找到 明牌 服务 生意 由於 相差 考虑 自助餐 良好 走进 非常 马上 ,1
倒是 免费 升级 听说 显得 比较 没有 经常 豪华 较大 遇到 ,1
一般 不算 先订 再续 变成 可能 城订 处理 实在 居然 很好 很小 愉快 携城 改住 满意 点评 续订 补充 还有 非常 预定 ,1
不错 升级 只好 愉快 担保 没有 管理 ,1
周到 服务 确实 缺乏 ,1
应该 提升 服务 符合 ,1
不错 符合 ,1
入住 极为 清洁 照常 特别 难看 ,1
不敢 不错 位置 太慢 对骂 就是 服务 调解 退房 ,1
不错 位置 失望 希望 平平 早点 更新 没有 特别 表现 装修 ,1
一般 便宜 决定 加上 发现 可能 找到 明牌 服务 生意 由於 相差 考虑 自助餐 良好 走进 非常 马上 ,1
一般 不算 先订 再续 变成 可能 城订 处理 实在 居然 很好 很小 愉快 携城 改住 满意 点评 续订 补充 还有 非常 预定 ,1
一般 位于 位置 ,1
不错 升级 只好 愉快 担保 没有 管理 ,1
周到 服务 确实 缺乏 ,1
应该 提升 服务 符合 ,1
不错 符合 ,1
入住 极为 清洁 照常 特别 难看 ,1
不敢 不错 位置 太慢 对骂 就是 服务 调解 退房 ,1
不错 位置 失望 希望 平平 早点 更新 没有 特别 表现 装修 ,1
不能 不错 休息 位置 免费 入住 出差 努力 升级 反馈 可惜 告知 失望 就是 影响 感谢 提供 提高 旅游 最好 服务 未退 朴实 欢迎 相当 表扬 覆盖 解渴 起来 路过 进去 送来 重要 非常 马上 ,1
不好 不错 出门 周到 干净 开始 惊喜 愉快 担心 整洁 服务 没有 看到 看来 真的 竟然 靠近 ,1
上网 上说 下定 不好意思 不愁 不错 亲切 亲自 优越 便利 停业 偶也 入住 其实 出于 分到 到处 反应 反映 发现 可惜 合适 后悔 告诉 大概 大肆 好了 对应 尤其 居然 已经 很大 打开 打算 提供 提醒 改善 放弃 放水 教唆 早点 显得 更好 服务 极少 欢迎 没得 没有 注意 渐进 滚动 点评 登录 看来 看看 真快 知道 解决 说出 进入 进去 重要 非常 顿时 预定 马上 ,1
上网 不错 打开 改善 ,1
不太好 提供 服务 没有 洗完 洗澡 点评 舒服 补充 还有 送到 隔离 ,1
一般 不错 免费 发生 就是 并未 意外 打车 接车 提供 无证 服务 涉嫌 经营 耽搁 送到 ,1
入住 吃住行 方便 适合 ,1
入住 出差 到达 周到 很迟 得很 服务 细致 非常 ,1
便利 就是 竟然 ,1
只好 夸张 就是 真是 睡不着 穿上 竟然 退房 ,1
便利 就是 竟然 ,1
只好 夸张 就是 真是 睡不着 穿上 竟然 退房 ,1
不慎 不菲 免费 可口 干净 感动 收拾 放心 送回 遗忘 ,1
不大 只值 干净 影响 整齐 的确 ,1
不远 不错 便利 已经 干净 很大 挂牌 方便 显得 服务 正式 比较 ,1
上網 不錯 之餘 位置 住入 侷促 停車場 價格 免費 協助 友善 同意 吸引 嘉許 堅持 奉來 委實 寬敞 平心而論 恰當 態度 推介 提供 方便 有禮 服務 服務員 機構 溫文 潔淨 火車站 点评 空間 簡直 綠化 網友 置評 考慮 舒適 良好 花園 衛生 补充 視野 設備 謝謝 豪華 超值 足夠 踏實 迅速 適中 餐廳 ,1
不错 属于 比较 还有 ,1
一般 入住 宽敞 服务 觉得 ,1
一般 不好 位置 其实 只能 更好 服务 来讲 相信 真的 选择 非常 ,1
不错 便宜 应该 ,1
可说 应该 没有 ,1
便宜 比较 相对 ,1
不错 偶尔 出行 打折 服务 比较 痛苦 觉得 设备 ,1
不到 不错 入住 没有 荒凉 还有 预定 ,1
不错 厉害 提高 比较 维护 进出 需要 ,1
上网 不到 不错 大连 就是 干净 感到 提出 方便 服务 根本 没有 给换 ,1
不错 便宜 应该 ,1
可说 应该 没有 ,1
便宜 比较 相对 ,1
不错 偶尔 出行 打折 服务 比较 痛苦 觉得 设备 ,1
不到 不错 入住 没有 荒凉 还有 预定 ,1
不错 厉害 提高 比较 维护 进出 需要 ,1
一般 不好 不算 不远 不错 位置 入住 出门 品尝 就是 影响 敏感 方便 服务 舒服 良好 ,1
可能 多加 完全 就是 必要 比较 ,1
不错 优越 服务 选择 ,1
不符 不错 免费 卫生 听到 就是 提供 比较 ,1
上网 不好 不远 不错 免费 居然 希望 收到 方便 服务 清晰 繁华 要大 觉得 ,1
不错 位置 修好 已经 接到 服务 没有 装修 ,1
上网 不在 不好 不错 丰富 免费 入住 反映 发现 取消 困难 完全 当然 恐怖 打车 方便 服务 比较 没有 点评 甚至 的确 相比 真正 确实 立刻 紧张 舒服 选择 预订 ,1
一向 一直 停车 免费 合理 回到 工作 已有 忙碌 旋转 最好 服务 正中 清爽 满意 牙刷 舒服 长住 非常 ,1
其实 ,1
免费 升级 原先 很灵 旋转 服务 没有 非常好 预定 ,1
就是 展会 满意 离新 ,1
到位 喜欢 服务 非常好 ,1
不错 列入 就是 很大 服务 正大 相对 相差 说离 ,1
不敢 不错 出来 发现 就是 应该 推门 方便 服务 没有 游泳 漂亮 看书 看到 稍微 训练 试试 非常 非常好 ,1
一律 不错 倒是 入住 刚刚 发呆 呵呵 回来 坐在 大概 就是 很大 愧对 打开 方便 无疑 更是 最美 没事 没有 离开 稳定 起步 选择 ,1
不错 便利 入住 合适 大连 就是 干净 很大 打开 整洁 极为 查房 熟练 退房 ,1
比较 管理 维护 ,1
不会 不错 免费 升级 尤其 就是 影响 施工 服务 睡眠 还好 面对 ,1
不到 不够 不好 不灵 不远 不错 亮丽 供应 倒是 倾向 偏离 入住 制止 印有 发筋 只能 可能 好像 好玩 应急 应该 径直 感应 打车 把握 抽烟 据说 无烟 普遍 服务 比较 洞开 点评 确实 稍微 结束 缺少 补充 还有 还给 进口 选择 ,1
一期 不好 不行 入住 到底 可爱 大概 居然 开心 异常 很小 很快 想起 打到 晓得 有点累 服务 比较 等待 等来 转身 送来 需要 ,1
下水 不通 不错 修好 免费 入住 加强 升成 发觉 堵塞 大致 差一点 比如 满意 维修 ,1
不错 丰富 居然 方便 服务 比较 还好 还有 ,1
不错 倒是 没有 洗澡 稍微 繁华 觉得 随时 ,1
尤其 干净 很大 很足 服务 舒适 ,1
不错 吃饭 方便 服务 逛街 ,1
停车 ,1
上网 不错 位置 便宜 入住 吃饭 大连 实在 容易 宽敞 开始 找到 方便 正常 比较 特别 犹豫 适合 ,1
喜欢 带有 服务 比较 ,1
不错 丰富 便宜 反映 尝尝 相当 自助 订过 ,1
入住 再次 ,1
不错 便宜 吃饭 好找 干净 方便 比起 稍差 考虑 舒适 还算 ,1
原来 比较 没有 装修 适合 隔开 ,1
一般 不错 ,1
一般 ,1
入住 再次 ,1
一般 位于 位置 ,1
不错 便宜 吃饭 好找 干净 方便 比起 稍差 考虑 舒适 还算 ,1
原来 比较 没有 装修 适合 隔开 ,1
一般 不错 ,1
一般 ,1
不错 位于 干净 披露 最美 特意 看到 简洁 ,1
位置 宽敞 尚可 服务 比较 ,1
不能 吃饭 方便 超市 ,1
号称 就是 干净 最美 根本 比较 纯粹 至少 舒服 ,1
不知 不错 似乎 卫生 填写 希望 干净 强化 怀疑 打扫 抱怨 据说 放手 永远 狼狈 理解 真的 ,1
不能 不难 应该 搞定 确实 要求 ,1
不够 不错 干净 很远 整洁 方便 服务 没有 要定 超市 ,1
上网 不错 打开 改善 ,1
下手 不到 不好 不错 估计 做到 出差 出门 反应 吃饭 后悔 奇怪 就餐 平常 恐怕 提醒 放在 放松 暗示 没套 活该 盯上 看到 破财 觉得 警惕 遇到 麻烦 ,1
不到 不错 居然 打出 打表 打车 ,1
加上 可惜 完备 完美 希望 留下 遗憾 ,1
不好 就是 提前 方便 最好 服务 要住 觉得 订到 ,1
加上 可惜 完备 完美 希望 留下 遗憾 ,1
不好 就是 提前 方便 最好 服务 要住 觉得 订到 ,1
不大 不错 休息 体现 停在 免费 入住 升级 友好 听到 告知 咳嗽 安排 工作 带来 开始 影响 得很 微笑 感到 手续 打开 招呼 接触 早已 更换 服务 止咳 正常 消毒 深刻 清凉 热爱 留下 直接 看到 真是 睡懒觉 立即 管理 细微 舒服 装修 见到 进入 送入 送来 递上 通知 难得 露天 马上 ,1
不少 丰富 值得 出门 就是 希望 带路 服务 正好 赶上 非常好 ,1
不错 了解 安排 服务 退房 送到 ,1
一致 上网 下车 不想 体现 入住 具体 决定 准备 减轻 出口 到底 原来 发烧 发现 取得 取消 可爱 吃饭 吸烟 告诉 周到 咳嗽 喜欢 回来 在意 备注 大概 大约 好了 好评 完成 就要 工作 度假 引导 很快 得闲 惊讶 感到 感动 感触 抓痒 抵达 拿来 接到 接待 推车 播放 改定 无欺 更是 服务 来得及 极其 极好 欣赏 比较 没停 没有 消毒 温暖 甜美 登记 直接 看到 看得出 看看 真是 真正 真的 知道 童言 结束 给加 给开 绝对 考虑 自然 舒服 舒缓 舒适 行驶 谈谈 谈起 赠送 身穿 轻微 还有 还给 送来 送餐 递上 问好 需要 非常 非常好 马上 骄傲 ,1
不远 不错 便利 已经 干净 很大 挂牌 方便 显得 服务 正式 比较 ,1
了解 亲自 做到 具有 准备 发现 可谓 告诉 培训 失望 好玩 实在 带路 当然 感冒 拿出 改进 服务 果然 比如 没有 点评 竟然 罕有 补充 觉得 设计 超市 送上 选择 马上 ,1
下班 不再 不少 不肯 不行 也许 了热 从来 休息 倒水 倒霉 做到 入住 关掉 其实 决不 出发 发烧 发现 听说 回到 回去 坐在 坚决 坚持 培训 始终 安排 已经 开始 很重 微笑 必须 快点 感动 感触 有的 服务 树立 正常 没停 没有 看到 真是 知道 确实 离开 符合 等待 终于 罗嗦 补充 要求 赘述 超过 跑到 辛苦 送到 送来 选择 陪同 需要 马上 ,1
不错 出来 好像 就是 很快 服务 没有 点评 确实 紧靠 设计 需要 ,1
一瘸一拐 亲切 作为 保护 入住 其实 单独 取来 听说 吸引 周到 咳嗽 回来 在外 培养 外出 容易 尤其 当然 很快 微笑 感到 感动 手续 打招呼 拿来 接受 提供 收拾 旅行 服务 服用 果然 树立 比如 比较 没有 注意到 照顾 特意 痊愈 登记 的确 直接 看到 管理 细致 胃黏膜 至上 见到 见效 说明 贴着 走进 还给 进餐 送来 避暑 首选 马上 ,1
再选 最好 服务 点评 补充 非常 ,1
失望 好评 度假 惬意 愉快 服务 没有 真的 舒服 选择 ,1
不大 不错 休息 体现 停在 免费 入住 升级 友好 听到 告知 咳嗽 安排 工作 带来 开始 影响 得很 微笑 感到 手续 打开 招呼 接触 早已 更换 服务 止咳 正常 消毒 深刻 清凉 热爱 留下 直接 看到 真是 睡懒觉 立即 管理 细微 舒服 装修 见到 进入 送入 送来 递上 通知 难得 露天 马上 ,1
不少 丰富 值得 出门 就是 希望 带路 服务 正好 赶上 非常好 ,1
不错 了解 安排 服务 退房 送到 ,1
一致 上网 下车 不想 体现 入住 具体 决定 准备 减轻 出口 到底 原来 发烧 发现 取得 取消 可爱 吃饭 吸烟 告诉 周到 咳嗽 喜欢 回来 在意 备注 大概 大约 好了 好评 完成 就要 工作 度假 引导 很快 得闲 惊讶 感到 感动 感触 抓痒 抵达 拿来 接到 接待 推车 播放 改定 无欺 更是 服务 来得及 极其 极好 欣赏 比较 没停 没有 消毒 温暖 甜美 登记 直接 看到 看得出 看看 真是 真正 真的 知道 童言 结束 给加 给开 绝对 考虑 自然 舒服 舒缓 舒适 行驶 谈谈 谈起 赠送 身穿 轻微 还有 还给 送来 送餐 递上 问好 需要 非常 非常好 马上 骄傲 ,1
上网 不到 不错 大连 就是 干净 感到 提出 方便 服务 根本 没有 给换 ,1
了解 亲自 做到 具有 准备 发现 可谓 告诉 培训 失望 好玩 实在 带路 当然 感冒 拿出 改进 服务 果然 比如 没有 点评 竟然 罕有 补充 觉得 设计 超市 送上 选择 马上 ,1
下班 不再 不少 不肯 不行 也许 了热 从来 休息 倒水 倒霉 做到 入住 关掉 其实 决不 出发 发烧 发现 听说 回到 回去 坐在 坚决 坚持 培训 始终 安排 已经 开始 很重 微笑 必须 快点 感动 感触 有的 服务 树立 正常 没停 没有 看到 真是 知道 确实 离开 符合 等待 终于 罗嗦 补充 要求 赘述 超过 跑到 辛苦 送到 送来 选择 陪同 需要 马上 ,1
不错 出来 好像 就是 很快 服务 没有 点评 确实 紧靠 设计 需要 ,1
一瘸一拐 亲切 作为 保护 入住 其实 单独 取来 听说 吸引 周到 咳嗽 回来 在外 培养 外出 容易 尤其 当然 很快 微笑 感到 感动 手续 打招呼 拿来 接受 提供 收拾 旅行 服务 服用 果然 树立 比如 比较 没有 注意到 照顾 特意 痊愈 登记 的确 直接 看到 管理 细致 胃黏膜 至上 见到 见效 说明 贴着 走进 还给 进餐 送来 避暑 首选 马上 ,1
再选 最好 服务 点评 补充 非常 ,1
失望 好评 度假 惬意 愉快 服务 没有 真的 舒服 选择 ,1
不错 停车 干净 方便 服务 比较 ,1
可能 方便 服务 比较 经常 非常 ,1
不错 ,1
吸引 比较 长途 随便 ,1
上网 不好 不远 不错 免费 居然 希望 收到 方便 服务 清晰 繁华 要大 觉得 ,1
很好 跟不上 ,1
一直 一般 上网 免费 可惜 吵到 很大 接受 方便 没有 点评 生意 相同 补充 觉得 面对 ,1
一般 不好 不错 位于 位置 就是 比较 ,1
一般 不错 使用 值得 就是 ,1
不错 干净 整洁 适中 ,1
不会 不想 冤枉 出来 告诉 就是 已经 找遍 检查 没有 甜美 看到 确实 等到 简单 询问 起来 通知 麻烦 ,1
就是 掉线 服务 经常 超慢 ,1
不符 不错 亲自 仿佛 值得 出来 启动 告知 壮观 处处 尤其 度假 很好 感受 整齐 清新 看到 真是 简单 表扬 走进 退房 选择 遗憾 附送 ,1
一般 不错 值得 吸引 得很 服务 比较 灿烂 装修 送餐 选择 非常 非常好 ,1
卫生 对得 干净 比较 舒适 ,1
不错 便利 入住 合适 大连 就是 干净 很大 打开 整洁 极为 查房 熟练 退房 ,1
位置 做事 就是 方便 比较 ,1
不算 位置 就是 敞亮 昏暗 有大 比较 ,1
保证 入住 再次 出现 制订 反应 反馈 处理 安排 对此 希望 应该 打扫 提出 相关 表示歉意 过得去 马上 ,1
希望 改进 非常 非常好 ,1
不巧 不足 不错 努力 发霉 已经 帮助 开水 感动 方便 无烟 服务 没有 特别 耐心 装修 ,1
一般 完全 对得起 干净 满意 ,1
不算 不错 应该 接待 比较 繁华 舒服 ,1
不能 介绍 接待 服务 略显 被动 ,1
一般 不大 不太好 使用 做为 方便 旋转 比较 没有 设计 豪华 选择 ,1
上网 不错 位置 便宜 入住 吃饭 大连 实在 容易 宽敞 开始 找到 方便 正常 比较 特别 犹豫 适合 ,1
不到 不错 尤其 真的 舒服 试试 ,1
不错 出门 就是 ,1
不错 交涉 入住 出差 已经 希望 拥挤 挂牌 推荐 是否 更好 更换 服务 欠缺 比较 没有 相比 签约 管理 至少 较大 达到 ,1
不错 停车 出门 安全 很大 很好 据说 改变 方便 服务 比较 缺少 装修 设备 面临 ,1
不错 作为 到位 加强 宽敞 就是 已经 干净 很大 服务 需要 ,1
不能 不错 使用 免费 准确 却是 告知 提供 支付 服务 比较 没有 需要 预定 ,1
不错 作为 到位 加强 宽敞 就是 已经 干净 很大 服务 需要 ,1
不能 不错 使用 免费 准确 却是 告知 提供 支付 服务 比较 没有 需要 预定 ,1
不够 不错 旅游 服务 解答 询问 详细 ,1
不错 特别 难吃 ,1
不可 不太好 不好用 不错 出水 喷头 尤其 调节 ,1
不行 实在 明显 没堵 设计 还好 ,1
不远 不错 好了 干净 很大 方便 没有 真是 非常 ,1
不错 位置 便于 厚实 非常好 面对 ,1
不用 不错 预定 ,1
位置 周到 就是 服务 比较 装修 非常好 ,1
不错 好了 就是 提供 知道 能够 ,1
不错 干净 很快 方便 比较 退房 ,1
值得 入住 可能 尤其 干净 服务 比较 特别 ,1
必住 感受 方便 随时 面对 ,1
不错 没有 稍微 竟然 ,1
不错 位置 入住 坐在 惬意 感受到 推荐 方便 服务 畅谈 贴心 送上 露天 ,1
不错 免费 出名 升级 原来 吃饭 向下 怡情 挺火 据说 方便 正好 没有 看到 豪华 达到 ,1
不错 打哆嗦 服务 没有 洗澡 ,1
丢脸 周到 就是 干净 整洁 更好 服务 比较 没有 简陋 考虑 设备 选择 非常好 顺便 ,1
不错 没有 稍微 竟然 ,1
不错 免费 出名 升级 原来 吃饭 向下 怡情 挺火 据说 方便 正好 没有 看到 豪华 达到 ,1
不错 打哆嗦 服务 没有 洗澡 ,1
丢脸 周到 就是 干净 整洁 更好 服务 比较 没有 简陋 考虑 设备 选择 非常好 顺便 ,1
不错 好像 安排 就是 正好 沟通 看到 ,1
不知 不错 付款 便利 入住 发生 吃饭 听得懂 是否 最终 服务 没有 知道 类似 表现 解决 还好 顺利 预先 预定 ,1
一般 不在 不错 免费 其实 出去 到达 升级 干净 往返 很大 方便 服务 相送 看到 简单 还有 进行 ,1
凉爽 到位 卫生 周到 服务 比较 特别 管理 自助 舒服 露天 非常 风吹 ,1
不錯 僅僅 免費 入住 分鐘 商業區 喜歡 因為 外出 尤其 後來 恰逢 感覺 愿意 我們 提供 方便 服務生 比如 比都 沒有 滿意 環境 生日快樂 登記 總之 覺得 購物 車程 送來 還是 還有 開心 雖然 離大 風景 ,1
不住 不错 好在 就是 开发 方便 服务 穿梭 紧靠 肯定 血拼 送到 逛街 非常 ,1
一望 一直 一般 下楼 不能 不错 估计 便利 便宜 免费 入住 出门 别扭 厉害 压缩 发现 喧闹 坐落 居然 开始 据说 推窗 方便 服务 果然 比较 没有 消费 游泳 热闹 特别 生活 直达 碰上 算是 结婚 舒服 轮渡 重视 非常 ,1
一般 不好 不能 严重 加床 升级 发现 吸烟 回去 安排 实用 很大 方便 比较 没有 算是 装修 解决 豪华 适合 配置 ,1
享受 就是 看着 简直 ,1
不敢 不错 便宜 偏僻 只能 就算 很远 方便 早就 比较 知道 算是 超市 选择 逛街 遥远 需要 非常 ,1
不大 不算 介绍 入住 可能 委屈 干净 应该 开水 方便 满意 繁华 装修 觉得 还有 非常 ,1
位于 位置 入住 回来 在于 实在 很爽 很累 找到 收到 方便 明显 比如 比较 没有 缺陷 装修 觉得 设备 酷爱 ,1
一般 位于 便利 划算 比较 相对 ,1
一般 不远 休闲游 位于 便宜 吃饭 就是 折算 方便 毕竟 相对 稍慢 算大 考虑 ,1
没有 真正 维修 设备 赚钱 ,1
不错 干净 整洁 方便 相对 真的 ,1
不紧 不错 坐落 方便 没有 生活 ,1
出差 感动 服务 看得出 认识 重要 ,1
一般 不好 不错 亲自 免费 副理 同意 告诉 宣传 帮忙 拜访 据说 最好 最绝 服务 浓烈 生意 舒畅 还有 ,1
不错 免费 出差 变化 只能 好像 提前 服务 没有 点心 点评 舒服 菜式 补充 装修 遗憾 配送 预订 ,1
出差 感动 服务 看得出 认识 重要 ,1
一般 不好 不错 亲自 免费 副理 同意 告诉 宣传 帮忙 拜访 据说 最好 最绝 服务 浓烈 生意 舒畅 还有 ,1
不错 免费 出差 变化 只能 好像 提前 服务 没有 点心 点评 舒服 菜式 补充 装修 遗憾 配送 预订 ,1
不错 出去 回来 很大 打扫 没有 满意 舒服 负责 超大 ,1
不错 入住 就是 服务 比较 特别 稍远 紧张 考虑 退房 需要 ,1
不会 同意 好奇 懒得 拆迁 方便 点评 知道 竟然 补充 郁闷 鄙视 ,1
不远 不错 位置 入住 喜欢 宽敞 方便 服务 演奏 管理 表演 赶巧 还有 非常 ,1
位置 便利 即可 居住 已较 惊喜 提供 方便 服务 维护 起步 较为 适于 选择 非常 ,1
不够 不错 丰富 入住 原来 发现 只能 应该 接头 擦干 方便 更佳 服务 未有 检查 比较 维修 落差 ,1
不好 入住 服务 点评 看到 ,1
不到 不远 不错 其实 干净 感受 方便 服务 比住 比较 舒适 ,1
不住 具全 另加 可口 惬意 方便 比较 逛街 需要 ,1
上网 不算 不错 免费 太软 干净 抢钱 最大 没有 ,1
提醒 最好 ,1
不对 不错 会展 大概 很大 方便 比较 特别 遇上 ,1
不错 免费 升级 ,1
不错 举动 从容 便利 出门 合并 吸引 回到 宽大 就是 尴尬 当然 手续 整洁 最深处 服务 真是 继续 贴心 退房 逛街 避免 ,1
一般 不错 干净 放新 比较 没有 稍微 算是 ,1
不符 入住 务必 吸烟 就是 没有 的确 自助餐 预定 首选 ,1
一般 入住 方便 最好 认为 选择 非常 ,1
一小 一般 不再 不给 免费 入住 共计 包括 同样 吓人 尚可 就是 拒绝 方便 服务 比较 满意 试图 诱导 还有 随便 需要 飞快 ,1
不错 做好 准备 原先 合算 好了 定去 影响 很大 很快 惊喜 打车 方便 服务 歧视 比做 没有 真的 询问 ,1
不大 不错 出名 包括 大约 就是 方便 最大 来讲 比较 特多 看到 还有 ,1
不错 偏僻 到底 增加 就是 推荐 比较 考虑 ,1
不好 免费 寄存 就是 才能 接受 方便 没有 洗澡 看到 锁好 ,1
不错 好像 应该 方便 比较 热闹 还算 选择 ,1
不能 不错 入住 即可 可能 实惠 干净 方便 正好 比较 考虑 装修 还有 退房 难吃 面对 ,1
不可 不太好 不好用 不错 出水 喷头 尤其 调节 ,1
不好意思 好吃 应该 很大 方便 正确 比较 点评 补充 设备 评错 走走 非常 ,1
位于 免费 就是 开放 很大 放在 最大 比较 还有 ,1
干净 往前走 推荐 整洁 方便 比较 相当 知道 ,1
方便 ,1
不错 关掉 只能 很大 最大 ,1
不算 不错 很快 服务 略微 舒服 足够 还好 ,1
混乱 ,1
下榻 代买 友好 呵呵 处于 安全 干净 很大 很高 把守 方便 服务 极了 比较 相当于 相邻 看到 符合 经常 要求 警察 集散 非常好 鸟瞰 ,1
不错 幽静 装修 ,1
不错 倒是 安全 就是 执勤 方便 服务 比较 流畅 熟悉 警察 赶上 ,1
不错 位置 入住 坐在 惬意 感受到 推荐 方便 服务 畅谈 贴心 送上 露天 ,1
不算 不错 离门 非常 ,1
不可以 不错 抱怨 选择 ,1
不错 比较 直达 算是 ,1
不大 不错 位置 方便 比较 ,1
不一定 不想 不能 不错 了有 从中 位于 便宜 加钱 大概 实在 就是 常住 干净 当然 很老 得很 打车 挺好吃 放下 特别 耐心 要求 走动 还有 通常 震撼 马上 ,1
,1
临近 了近 出租 取静 喜欢 回到 害得 尤其 接待 方便 晨跑 最长 服务 漫步 看着 起床 返回 进出 邻近 闹市 非常 ,1
位置 刚刚 打开 改名 浓重 清楚 装修 重新 ,1
很小 没有 ,1
不错 就是 干净 ,1
凉爽 到位 卫生 周到 服务 比较 特别 管理 自助 舒服 露天 非常 风吹 ,1
不愧 不错 划算 只能 回应 就要 很快 得到 方便 服务 来回 没有 舒服 要求 随便 非常 ,1
不到 不算 不错 偏僻 停车 免费 其实 出来 到达 吃饭 实用 局促 帮忙 改成 方便 显得 服务 比较 毕竟 满分 点评 牙刷 相当 确实 穿梭 繁忙 装修 设计 说话 连锁 飘台 ,1
便宜 免费 入住 其实 升级 干净 方便 ,1
一般 不易 免费 出门 可惜 很小 打车 拼成 比较 看出 穿梭 简约 超市 ,1
几乎 服务 ,1
不到 临近 免费 喜欢 好在 就是 幽雅 怀旧 扯远 没有 知道 舒服 购买 超市 还有 ,1
不下 不错 位于 位置 其实 只能 可怜 好找 服务 没有 真的 ,1
不错 出行 方便 没有 舒服 超软 非常 ,1
不错 出来 吃饭 已算 干净 整洁 方便 直达 ,1
不過 什麼 尚可 已經 強求 方便 服務 比較 設施 需要 面積 ,1
没有 真正 维修 设备 赚钱 ,1
不想 免费 度假 往返 缺少 适中 适合 ,1
准备 划算 度假 非常好 ,1
无烟 比较 适中 选择 ,1
不再 出门 就是 打车 方便 满足 留在 还行 选择 需要 ,1
不能 不错 就是 很大 方便 走出 还有 遗憾 非常 ,1
一定 不了 不远 不错 值得 免费 入住 单独 吃完 坐在 大约 就是 很大 无敌 比较 沐浴 满意 看到 真的 记得 走走 超市 还有 选择 露台 露天 非常好 首选 ,1
一边 下载 不好 不错 免费 可能 方便 来回 沟通 确实 要求 超市 靠近 ,1
属于 搭上 离开 绝对 较远 ,1
比如 比较 真的 非常好 ,1
不想 免费 度假 往返 缺少 适中 适合 ,1
不远 不错 位置 入住 喜欢 宽敞 方便 服务 演奏 管理 表演 赶巧 还有 非常 ,1
准备 划算 度假 非常好 ,1
无烟 比较 适中 选择 ,1
不再 出门 就是 打车 方便 满足 留在 还行 选择 需要 ,1
不能 不错 就是 很大 方便 走出 还有 遗憾 非常 ,1
一定 不了 不远 不错 值得 免费 入住 单独 吃完 坐在 大约 就是 很大 无敌 比较 沐浴 满意 看到 真的 记得 走走 超市 还有 选择 露台 露天 非常好 首选 ,1
一边 下载 不好 不错 免费 可能 方便 来回 沟通 确实 要求 超市 靠近 ,1
属于 搭上 离开 绝对 较远 ,1
比如 比较 真的 非常好 ,1
位置 作为 很小 装修 ,1
不太好 出去 压抑 反正 受骗 号到 告知 失望 很小 接到 服务 比较 要求 觉得 预订 ,1
一般 不错 干净 放新 比较 没有 稍微 算是 ,1
一般 不幸 不爽 告诉 好处 害得 就是 指定 放回 最大 最好 服务 没有 看到 立刻 等于 继续 ,1
一直 不错 凉快 出去 升级 喜欢 幸运 得很 意外 比起 没有 看到 看见 真是 知道 竟然 自由行 舒适 装修 说好 退房 选择 通知 ,1
免费 安排 ,1
惟独 明亮 相当 舒服 选择 ,1
一边 不算 不错 亲切 几乎 备有 就是 尽兴 忘记 支持 方便 有点像 服务 泡澡 真的 转接 逛到 ,1
不爽 便利 入住 发现 后悔 回来 属于 憋屈 比较 相对 确实 装修 要求 采光 重新 需要 ,1
位置 作为 很小 装修 ,1
不太好 出去 压抑 反正 受骗 号到 告知 失望 很小 接到 服务 比较 要求 觉得 预订 ,1
一般 不幸 不爽 告诉 好处 害得 就是 指定 放回 最大 最好 服务 没有 看到 立刻 等于 继续 ,1
一直 不错 凉快 出去 升级 喜欢 幸运 得很 意外 比起 没有 看到 看见 真是 知道 竟然 自由行 舒适 装修 说好 退房 选择 通知 ,1
一直 不会 不错 亲切 休息 入住 发现 坐船 外出 大概 大连 对得起 得以 快捷 感动 打车 担心 有效 温和 温暖 确定 走进 赶往 送到 适合 重要 非常 预订 ,1
免费 安排 ,1
惟独 明亮 相当 舒服 选择 ,1
一边 不算 不错 亲切 几乎 备有 就是 尽兴 忘记 支持 方便 有点像 服务 泡澡 真的 转接 逛到 ,1
不爽 便利 入住 发现 后悔 回来 属于 憋屈 比较 相对 确实 装修 要求 采光 重新 需要 ,1
一定 一直 不错 位置 俗称 入住 出发 出门 反正 变成 回来 安置 宽阔 对得起 就是 已经 干净 当然 惬意 接近 提供 提早 搭到 方便 来回 来讲 查看 欠缺 没有 看准 看到 看电视 看起来 真的 算是 舒服 补充 觉得 转乘 还好 还有 遇到 非常 ,1
下楼 不错 也许 便宜 出去 出行 刚刚 只好 吃饭 听说 回来 回过 坐在 就是 应该 很大 忘记 才能 打扫 打车 方便 服务 消费 知道 碰到 耐心 要留 解释 计较 起来 踏实 还有 送到 选择 ,1
不错 作为 偏高 其实 到达 办好 升级 原来 发现 可能 告诉 对比 就是 居然 已经 干净 很大 很贵 或许 手续 找到 挺快 收入 有点像 没有 消费 温和 狂喜 狠心 疲劳 看到 真的 知道 觉得 轻声 还有 选择 顺道 马上 ,1
不熟悉 不能 不错 免费 入住 出门 到位 升级 发现 可惜 可能 坐当 已经 干净 据说 接待 方便 显得 服务 比较 没有 点评 看到 知道 遗憾 非常好 ,1
不了 不在 不错 乘到 买张 乱放 便宜 其实 兼有 写错 出门 升级 发现 只好 号称 回去 坐在 完换 就是 崩溃 已经 干净 开门 弥补 影响 很小 打扫 接近 摆得 敲碎 无敌 晃荡 服务 没有 温暖 满意 看上 真是 睡着 确实 离上 终点 豪华 走到 还有 退房 随手 首先 驶向 ,1
不好 不错 出行 吃饭 接受 方便 正门 没有 热闹 皱着眉头 适合 ,1
一般 位置 度假 旅游 服务 适合 ,1
不大 不远 不错 便宜 其实 出门 好吃 推荐 方便 服务 点评 直接 真是 考虑 肯定 舒适 补充 还有 ,1
不错 优越 卫生 应该 方便 比较 相当 还算 选择 ,1
一定 一直 不错 位置 俗称 入住 出发 出门 反正 变成 回来 安置 宽阔 对得起 就是 已经 干净 当然 惬意 接近 提供 提早 搭到 方便 来回 来讲 查看 欠缺 没有 看准 看到 看电视 看起来 真的 算是 舒服 补充 觉得 转乘 还好 还有 遇到 非常 ,1
下楼 不错 也许 便宜 出去 出行 刚刚 只好 吃饭 听说 回来 回过 坐在 就是 应该 很大 忘记 才能 打扫 打车 方便 服务 消费 知道 碰到 耐心 要留 解释 计较 起来 踏实 还有 送到 选择 ,1
不错 作为 偏高 其实 到达 办好 升级 原来 发现 可能 告诉 对比 就是 居然 已经 干净 很大 很贵 或许 手续 找到 挺快 收入 有点像 没有 消费 温和 狂喜 狠心 疲劳 看到 真的 知道 觉得 轻声 还有 选择 顺道 马上 ,1
不熟悉 不能 不错 免费 入住 出门 到位 升级 发现 可惜 可能 坐当 已经 干净 据说 接待 方便 显得 服务 比较 没有 点评 看到 知道 遗憾 非常好 ,1
不了 不在 不错 乘到 买张 乱放 便宜 其实 兼有 写错 出门 升级 发现 只好 号称 回去 坐在 完换 就是 崩溃 已经 干净 开门 弥补 影响 很小 打扫 接近 摆得 敲碎 无敌 晃荡 服务 没有 温暖 满意 看上 真是 睡着 确实 离上 终点 豪华 走到 还有 退房 随手 首先 驶向 ,1
不好 不错 出行 吃饭 接受 方便 正门 没有 热闹 皱着眉头 适合 ,1
不大 不远 不错 便宜 其实 出门 好吃 推荐 方便 服务 点评 直接 真是 考虑 肯定 舒适 补充 还有 ,1
不错 优越 卫生 应该 方便 比较 相当 还算 选择 ,1
上网 不好 不错 就是 还有 ,1
一般 不够 不错 付费 位于 免费 吃饭 合唱 吸引 局促 干净 开始 抵用 推荐 提供 支付 方便 旋转 根本 比较 满意 特别 组合 胜过 自助 自费 表演 超出 还有 远远 选择 隆重 非常好 ,1
便宜 健身 免费 入住 到达 反映 奇怪 就是 提升 方便 最高 游泳 点评 自助 补充 豪华 购买 超市 预定 ,1
不到 便宜 偏远 出来 出门 发现 可走 嘈杂 回来 建设 或许 所好 打算 更好 最高 没有 点评 熟悉 的确 相对 看见 补充 走进 远远 迷糊 非常 ,1
不错 付款 兑成 划算 干净 指示 穿过 ,1
不同 出入 安全 属于 当然 摆设 比如 比较 考虑 还过得去 ,1
不能 入住 再次 当然 很高 愿意 服务 计较 ,1
不错 位置 到位 方便 服务 比较 洗漱 ,1
一般 不一定 不少 不错 便利 便宜 入住 其实 出差 只求 实惠 就是 干净 往来于 得到 方便 旅游 最高 真正 购买 选择 逛街 ,1
湮散 ,1
值得 升级 号称 推荐 方便 服务 舒适 非常好 ,1
一定 一般 不错 亲切 再晚 再次 刚刚 协调 可能 回不来 就是 干净 很大 很好 担心 推荐 方便 旅游 满意 特别 相对 知道 结束 迎面 还有 遇到 配合 非常 首先 首选 ,1
不好 停车 吸取 干净 推荐 无烟 比较 ,1
不错 入住 可到 已经 干净 手续 接待 方便 特别 穿过 耐心 觉得 非常 非常好 首先 ,1
不算 不错 估计 位置 出口 发现 完全 害得 干净 幸亏 微笑 打扫 打算 敲门 最多 服务 歧视 要不得 跑到 需要 首先 ,1
不错 到位 卫生 干净 感谢 推荐 服务 比较 点评 确实 自助 超值 非常 ,1
入住 安排 方便 更加 更好 比较 选择 ,1
不小 不想 不错 从未 免费 出门 升级 方便 比较 离开 继续 连住 选择 ,1
不用 不错 升级 回选 方便 服务 熟悉 还给 ,1
一大 一本正经 一直 不知 不错 估计 创意 大概 当然 得象 打扮 招呼 据说 更是 服务 算有 走到 走过 ,1
不错 服务 经常 ,1
一定 出去 出行 喜欢 干净 很好 方便 非常 ,1
免费 升级 好了 就是 还给 ,1
不错 就是 方便 赶上 超过 还好 非常 ,1
一直 一般 下楼 不会 不错 做法 入住 取消 可惜 奇怪 实惠 就是 居然 怪异 摆出 方便 更好 比较 特别 知道 简单 装修 起来 需要 ,1
到达 升级 很大 很远 意外 方便 舒服 还有 ,1
一般 下楼 不到 享受到 住满 便捷 免费 入住 出门 回来 宽敞 寄存 尝试 就是 已经 干净 往返 急忙 感受 担保 换算 推荐 提升 方便 暂时 服务 来得及 比较 没有 注明 满意 直接 直达 确实 等到 算是 觉得 超值 过账 运动 还有 逛街 非常 顺利 ,1
上网 不用 丰盛 享用 免费 入住 准备 告知 尤其 很高 手续 方便 服务 没有 满意 直接 紧邻 综合 能够 说明 辛苦 非常好 ,1
免费 升级 设备 ,1
亲善 升级 吸烟 幸运 很大 服务 ,1
一般 下楼 不错 便宜 再住 反正 方便 服务 ,1
一定 免费 升级 方便 更是 服务 漂亮 选择 ,1
不错 少有 应该 设备 超出 ,1
到达 升级 很大 很远 意外 方便 舒服 还有 ,1
不错 久远 坐落 好吃 就是 干净 比较 生意 看得出来 绕到 非常 非常好 ,1
一般 下楼 不到 享受到 住满 便捷 免费 入住 出门 回来 宽敞 寄存 尝试 就是 已经 干净 往返 急忙 感受 担保 换算 推荐 提升 方便 暂时 服务 来得及 比较 没有 注明 满意 直接 直达 确实 等到 算是 觉得 超值 过账 运动 还有 逛街 非常 顺利 ,1
上网 不用 丰盛 享用 免费 入住 准备 告知 尤其 很高 手续 方便 服务 没有 满意 直接 紧邻 综合 能够 说明 辛苦 非常好 ,1
免费 升级 设备 ,1
亲善 升级 吸烟 幸运 很大 服务 ,1
一般 下楼 不错 便宜 再住 反正 方便 服务 ,1
一定 免费 升级 方便 更是 服务 漂亮 选择 ,1
不错 少有 应该 设备 超出 ,1
不知 入住 回答 提高 有待 老是 能否 ,1
上网 不能 不错 位置 修好 坏掉 失望 居然 应该 没有 ,1
不错 便利 值得 出口 推荐 方便 超过 非常 首先 ,1
嘈杂 当然 方便 略显 ,1
不错 免费 还有 ,1
不错 实惠 就是 方便 服务 ,1
不大 不妥 不错 临近 位置 告诉 搭车 方便 来讲 比较 没有 特别 紧贴 耐心 舒适 超市 还有 ,1
以示 入住 出口 感谢 提供 服务 深刻 熟悉 特意 留下 知道 精确 耐心 表扬信 表现 ,1
一般 不错 做为 出差 ,1
不错 仿古 处理 已经 干洗 感谢 注明 相应 舒服 ,1
不错 写意 就是 服务 看上去 看到 透过 ,1
一边 上网 不能 不错 便宜 别致 到位 很快 服务 欣赏 送餐 ,1
下车 不用 丰盛 出租 可能 实在 怀疑 提醒 撞进 服务 点评 略显 自助 补充 过于 ,1
很大 方便 ,1
不错 位置 ,1
不错 位置 出差 就是 选择 ,1
不错 位置 好吃 希望 没有 看过 ,1
不错 位置 好吃 希望 没有 看过 ,1
一般 不错 ,1
不太好 不错 干净 打不开 比较 ,1
不错 服务 漂亮 看看 非常 非常好 顺便 预定 ,1
一般 停靠 嘈杂 干净 方便 服务 比较 没有 ,1
下班 入住 告知 想到 方便 比较 非常 ,1
不错 方便 比较 没有 满意 遗憾 ,1
不足 人員 入住 包括 反饋 問題 定期 容易 尚有 工作 建議 後勤 忽視 態度 旅行 服務 檢修 熱情 燈管 登記 等到 維護 被動 設備 越好 辦事 還是 顧客 ,1
不错 位置 就是 ,1
不错 周到 就是 快捷 服务 该换 ,1
一般 仔细 制服 反应 周到 喜欢 外出 很快 怀疑 方便 服务 点评 看看 补充 说错 超市 足够 难看 ,1
直接 ,1
一次性 不错 乘坐 位置 出行 喜欢 方便 服务 设计 还有 ,1
安排 实惠 就是 希望 更加 灵活 进步 ,1
不错 位置 吵闹 干净 很快 比较 注意 送到 靠近 ,1
不到 不错 客满 方便 相当 表演 ,1
一般 不想 不错 能有 适合 ,1
不错 合理 应该 ,1
不错 发现 实用 很快 忽略 效果差 确实 采用 ,1
位置 打法 方便 服务 逛街 ,1
不错 相对 私密 ,1
别致 干净 比较 ,1
也许 入住 实惠 宽敞 帮忙 很快 排水 方便 没有 畅通 解决 骚扰 ,1
上网 不错 便利 入住 独享 舒适 超值 非常 ,1
上网 不足 不错 优越 倒是 值得 出差 出行 听说 容易 尤其 就是 很快 得很 找到 推荐 收视 方便 最高 服务 点评 相当 算是 舒适 补充 醒目 顺利 ,1
不够 值得 再次 希望 推荐 服务 点评 继续 ,1
一般 比较 点评 补充 超大 ,1
不错 入住 准备 发现 完好 无烟 点评 特意 预期 ,1
出来 喜欢 ,1
位置 发现 吵醒 打死 打车 拉上 熄灯 睡觉 简直 设备 该死 适合 ,1
不大 便宜 可口 太早 宽敞 干净 忘记 收视 结束 设计 ,1
不错 充足 入住 可能 就是 干净 很大 很好 比较 没有 舒适 ,1
下榻 不错 休息 优美 光临 关注 再次 创造 加强 反馈 可能 咨询 唐山 尊敬 尽量 居停 工作 已经 干净 广大 很快 恐怕 恳请 感到 打扰 抱歉 接洽 提出 支持 收到 改造 整洁 更加 服务 深感 特别 理解 留意到 留言 相信 给予 舒适 良好 装修 调换 还有 进一步 进行 适当 避开 非常 非常好 顺利 首先 ,1
不错 便利 出门 卫生 干净 方便 旅游 早起 服务 相关 相当 自助餐 非常 非常好 预订 ,1
入住 帮助 很大 很好 感谢 设计 ,1
不错 就是 干净 提高 有待 比较 特别 较高 配套 ,1
比较 ,1
不错 丰富 就是 服务 ,1
不错 品尝 奇贵 实在 居然 竟然 非常 ,1
不错 努力 就是 希望 服务 相差 继续 非常 ,1
不爽 不能 买成 刚刚 只能 可怜 告知 实在 就是 工作 开门 放下 没有 深刻 的确 竟然 进屋 遗憾 ,1
不大 休息 卫生 实惠 宽敞 干净 影响 方便 满意 装修 走到 非常 ,1
方便 满意 绝对 ,1
不错 努力 就是 希望 服务 相差 继续 非常 ,1
不爽 不能 买成 刚刚 只能 可怜 告知 实在 就是 工作 开门 放下 没有 深刻 的确 竟然 进屋 遗憾 ,1
方便 满意 绝对 ,1
呼叫 堵水 打扫 服务 着想 较差 需要 ,1
呼叫 堵水 打扫 服务 着想 较差 需要 ,1
一般 不算 出入 方便 服务 比较 ,1
不错 出差 干净 度假 旅游 舒适 ,1
上班 下楼 就是 满意 超近 ,1
不错 服务 难以 ,1
